"year","month","watershed","block","plot","burn_trt","order","family","arthropod_ID","stage","collected","count"
2014,8,"20C","A",1,"unburned","Hemiptera:Heteroptera","Reduviidae","Hemiptera:Heteroptera_Reduviidae","nymph","collected",1
2014,8,"20C","A",1,"unburned","Diptera","Tephritidae","Diptera_Tephritidae","adult","collected",1
2014,8,"20C","A",1,"unburned","Hemiptera:Auchenorrhyncha","Cicadellidae","Hemiptera:Auchenorrhyncha_Cicadellidae","nymph","collected",5
2014,8,"20C","A",1,"unburned","Hemiptera:Auchenorrhyncha","Cicadellidae","Hemiptera:Auchenorrhyncha_Cicadellidae","adult","collected",1
2014,8,"20C","A",1,"unburned","Diptera","Cecidomyiidae","Diptera_Cecidomyiidae","adult","collected",10
2014,8,"20C","A",1,"unburned","Hymenoptera","Eulophidae","Hymenoptera_Eulophidae","adult","collected",2
2014,8,"20C","A",1,"unburned","Hymenoptera","Mymaridae","Hymenoptera_Mymaridae","adult","collected",1
2014,8,"20C","A",1,"unburned","Hymenoptera","Eupelmidae","Hymenoptera_Eupelmidae","adult","collected",3
2014,8,"20C","A",1,"unburned","Araneae","Salticidae","Araneae_Salticidae","adult","collected",3
2014,8,"20C","A",1,"unburned","Araneae","Philodromidae","Araneae_Philodromidae","adult","collected",2
2014,8,"20C","A",1,"unburned","Acari","Acari","Acari_Acari","adult","collected",1
2014,8,"20C","A",2,"unburned","Orthoptera","Tettigonidae","Orthoptera_Tettigonidae","adult","observed",1
2014,8,"20C","A",2,"unburned","Araneae","Araneidae","Araneae_Araneidae","adult","collected",1
2014,8,"20C","A",2,"unburned","Araneae","Salticidae","Araneae_Salticidae","adult","collected",6
2014,8,"20C","A",2,"unburned","Hemiptera:Sternorrhyncha","Aphididae","Hemiptera:Sternorrhyncha_Aphididae","adult","collected",3
2014,8,"20C","A",2,"unburned","Hemiptera:Heteroptera","Tingidae","Hemiptera:Heteroptera_Tingidae","adult","collected",2
2014,8,"20C","A",2,"unburned","Thysanoptera","Thripidae","Thysanoptera_Thripidae","adult","collected",1
2014,8,"20C","A",2,"unburned","Hemiptera:Auchenorrhyncha","Cicadellidae","Hemiptera:Auchenorrhyncha_Cicadellidae","nymph","collected",1
2014,8,"20C","A",2,"unburned","Hemiptera:Auchenorrhyncha","Cicadellidae","Hemiptera:Auchenorrhyncha_Cicadellidae","adult","collected",2
2014,8,"20C","A",2,"unburned","Hymenoptera","Eulophidae","Hymenoptera_Eulophidae","adult","collected",2
2014,8,"20C","A",2,"unburned","Hymenoptera","Eupelmidae","Hymenoptera_Eupelmidae","adult","collected",1
2014,8,"20C","A",3,"unburned","Hemiptera:Heteroptera","Reduviidae","Hemiptera:Heteroptera_Reduviidae","nymph","collected",2
2014,8,"20C","A",3,"unburned","Hemiptera:Heteroptera","Miridae","Hemiptera:Heteroptera_Miridae","adult","collected",2
2014,8,"20C","A",3,"unburned","Araneae","Philodromidae","Araneae_Philodromidae","adult","collected",4
2014,8,"20C","A",3,"unburned","Thysanoptera","Thripidae","Thysanoptera_Thripidae","adult","collected",1
2014,8,"20C","A",3,"unburned","Araneae","Salticidae","Araneae_Salticidae","adult","collected",2
2014,8,"20C","A",3,"unburned","Acari","Acari","Acari_Acari","adult","collected",1
2014,8,"20C","A",3,"unburned","Hemiptera:Auchenorrhyncha","Cicadellidae","Hemiptera:Auchenorrhyncha_Cicadellidae","nymph","collected",2
2014,8,"20C","A",3,"unburned","Hemiptera:Auchenorrhyncha","Cicadellidae","Hemiptera:Auchenorrhyncha_Cicadellidae","adult","collected",3
2014,8,"20C","A",3,"unburned","Hemiptera:Auchenorrhyncha","Membracidae","Hemiptera:Auchenorrhyncha_Membracidae","adult","collected",1
2014,8,"20C","A",3,"unburned","Hymenoptera","Eupelmidae","Hymenoptera_Eupelmidae","adult","collected",1
2014,8,"20C","A",4,"unburned","Orthoptera","Acrididae","Orthoptera_Acrididae","adult","collected",2
2014,8,"20C","A",4,"unburned","Orthoptera","Acrididae","Orthoptera_Acrididae","adult","observed",3
2014,8,"20C","A",4,"unburned","Hemiptera:Auchenorrhyncha","Cicadellidae","Hemiptera:Auchenorrhyncha_Cicadellidae","nymph","collected",4
2014,8,"20C","A",4,"unburned","Hemiptera:Auchenorrhyncha","Cicadellidae","Hemiptera:Auchenorrhyncha_Cicadellidae","adult","collected",2
2014,8,"20C","A",4,"unburned","Hemiptera:Auchenorrhyncha","Membracidae","Hemiptera:Auchenorrhyncha_Membracidae","adult","collected",1
2014,8,"20C","A",4,"unburned","Hymenoptera","Eulophidae","Hymenoptera_Eulophidae","adult","collected",1
2014,8,"20C","A",4,"unburned","Diptera","Chloropidae","Diptera_Chloropidae","adult","collected",3
2014,8,"20C","A",4,"unburned","Diptera","Cecidomyiidae","Diptera_Cecidomyiidae","adult","collected",2
2014,8,"20C","A",4,"unburned","Thysanoptera","Thripidae","Thysanoptera_Thripidae","adult","collected",5
2014,8,"20C","A",4,"unburned","Araneae","Salticidae","Araneae_Salticidae","adult","collected",1
2014,8,"20C","A",4,"unburned","Araneae","Philodromidae","Araneae_Philodromidae","adult","collected",4
2014,8,"20C","A",4,"unburned","Araneae","Lycosidae","Araneae_Lycosidae","adult","collected",4
2014,8,"20C","A",4,"unburned","Hymenoptera","Platygasteridae","Hymenoptera_Platygasteridae","adult","collected",1
2014,8,"20C","A",5,"unburned","Orthoptera","Acrididae","Orthoptera_Acrididae","adult","observed",1
2014,8,"20C","A",5,"unburned","Araneae","Linyphiidae","Araneae_Linyphiidae","adult","collected",11
2014,8,"20C","A",5,"unburned","Hemiptera:Heteroptera","Reduviidae","Hemiptera:Heteroptera_Reduviidae","nymph","collected",2
2014,8,"20C","A",5,"unburned","Hemiptera:Auchenorrhyncha","Membracidae","Hemiptera:Auchenorrhyncha_Membracidae","adult","collected",2
2014,8,"20C","A",5,"unburned","Hemiptera:Auchenorrhyncha","Cicadellidae","Hemiptera:Auchenorrhyncha_Cicadellidae","adult","collected",2
2014,8,"20C","A",5,"unburned","Diptera","Cecidomyiidae","Diptera_Cecidomyiidae","adult","collected",1
2014,8,"20C","A",5,"unburned","Araneae","Salticidae","Araneae_Salticidae","adult","collected",2
2014,8,"20C","A",5,"unburned","Hymenoptera","Eulophidae","Hymenoptera_Eulophidae","adult","collected",5
2014,8,"20C","A",5,"unburned","Thysanoptera","Thripidae","Thysanoptera_Thripidae","adult","collected",1
2014,8,"20C","A",5,"unburned","Hemiptera:Auchenorrhyncha","Cicadellidae","Hemiptera:Auchenorrhyncha_Cicadellidae","nymph","collected",4
2014,8,"20C","A",5,"unburned","Hymenoptera","Eupelmidae","Hymenoptera_Eupelmidae","adult","collected",1
2014,8,"20C","A",5,"unburned","Hemiptera:Heteroptera","Miridae","Hemiptera:Heteroptera_Miridae","adult","collected",1
2014,8,"20C","A",5,"unburned","Hemiptera:Sternorrhyncha","Aphididae","Hemiptera:Sternorrhyncha_Aphididae","adult","collected",1
2014,8,"20C","A",6,"unburned","Orthoptera","Acrididae","Orthoptera_Acrididae","adult","observed",2
2014,8,"20C","A",6,"unburned","Lepidoptera","Crambidae","Lepidoptera_Crambidae","adult","collected",1
2014,8,"20C","A",6,"unburned","Hemiptera:Heteroptera","Reduviidae","Hemiptera:Heteroptera_Reduviidae","nymph","collected",1
2014,8,"20C","A",6,"unburned","Acari","Acari","Acari_Acari","adult","collected",1
2014,8,"20C","A",6,"unburned","Hymenoptera","Eulophidae","Hymenoptera_Eulophidae","adult","collected",2
2014,8,"20C","A",6,"unburned","Hymenoptera","Mymaridae","Hymenoptera_Mymaridae","adult","collected",1
2014,8,"20C","A",6,"unburned","Diptera","Cecidomyiidae","Diptera_Cecidomyiidae","adult","collected",1
2014,8,"20C","A",6,"unburned","Hemiptera:Auchenorrhyncha","Cicadellidae","Hemiptera:Auchenorrhyncha_Cicadellidae","nymph","collected",1
2014,8,"20C","A",6,"unburned","Hemiptera:Auchenorrhyncha","Cicadellidae","Hemiptera:Auchenorrhyncha_Cicadellidae","adult","collected",1
2014,8,"20C","A",6,"unburned","Araneae","Philodromidae","Araneae_Philodromidae","adult","collected",5
2014,8,"20C","A",6,"unburned","Araneae","Salticidae","Araneae_Salticidae","adult","collected",1
2014,8,"20C","B",1,"unburned","Orthoptera","Acrididae","Orthoptera_Acrididae","adult","observed",1
2014,8,"20C","B",1,"unburned","Orthoptera","Tettigonidae","Orthoptera_Tettigonidae","adult","observed",1
2014,8,"20C","B",1,"unburned","Coleoptera","Curculionidae","Coleoptera_Curculionidae","adult","collected",1
2014,8,"20C","B",1,"unburned","Hemiptera:Auchenorrhyncha","Cicadellidae","Hemiptera:Auchenorrhyncha_Cicadellidae","adult","collected",3
2014,8,"20C","B",1,"unburned","Hemiptera:Auchenorrhyncha","Cicadellidae","Hemiptera:Auchenorrhyncha_Cicadellidae","nymph","collected",3
2014,8,"20C","B",1,"unburned","Hemiptera:Heteroptera","Miridae","Hemiptera:Heteroptera_Miridae","adult","collected",1
2014,8,"20C","B",1,"unburned","Hymenoptera","Halictidae","Hymenoptera_Halictidae","adult","collected",1
2014,8,"20C","B",1,"unburned","Araneae","Salticidae","Araneae_Salticidae","adult","collected",2
2014,8,"20C","B",1,"unburned","Araneae","Lycosidae","Araneae_Lycosidae","adult","collected",1
2014,8,"20C","B",1,"unburned","Diptera","Cecidomyiidae","Diptera_Cecidomyiidae","adult","collected",8
2014,8,"20C","B",1,"unburned","Thysanoptera","Thripidae","Thysanoptera_Thripidae","adult","collected",1
2014,8,"20C","B",1,"unburned","Hymenoptera","Mymaridae","Hymenoptera_Mymaridae","adult","collected",1
2014,8,"20C","B",1,"unburned","Acari","Acari","Acari_Acari","adult","collected",1
2014,8,"20C","B",2,"unburned","Orthoptera","Acrididae","Orthoptera_Acrididae","adult","observed",1
2014,8,"20C","B",2,"unburned","Hemiptera:Auchenorrhyncha","Membracidae","Hemiptera:Auchenorrhyncha_Membracidae","adult","collected",2
2014,8,"20C","B",2,"unburned","Hymenoptera","Ichneumonidae","Hymenoptera_Ichneumonidae","adult","collected",1
2014,8,"20C","B",2,"unburned","Thysanoptera","Thripidae","Thysanoptera_Thripidae","adult","collected",3
2014,8,"20C","B",2,"unburned","Hemiptera:Auchenorrhyncha","Cicadellidae","Hemiptera:Auchenorrhyncha_Cicadellidae","nymph","collected",3
2014,8,"20C","B",2,"unburned","Araneae","Salticidae","Araneae_Salticidae","adult","collected",1
2014,8,"20C","B",2,"unburned","Diptera","Chloropidae","Diptera_Chloropidae","adult","collected",1
2014,8,"20C","B",3,"unburned","Orthoptera","Acrididae","Orthoptera_Acrididae","adult","observed",3
2014,8,"20C","B",3,"unburned","Hemiptera:Heteroptera","Miridae","Hemiptera:Heteroptera_Miridae","adult","collected",2
2014,8,"20C","B",3,"unburned","Hemiptera:Auchenorrhyncha","Cicadellidae","Hemiptera:Auchenorrhyncha_Cicadellidae","nymph","collected",6
2014,8,"20C","B",3,"unburned","Hemiptera:Auchenorrhyncha","Cicadellidae","Hemiptera:Auchenorrhyncha_Cicadellidae","adult","collected",3
2014,8,"20C","B",3,"unburned","Diptera","Cecidomyiidae","Diptera_Cecidomyiidae","adult","collected",8
2014,8,"20C","B",3,"unburned","Thysanoptera","Thripidae","Thysanoptera_Thripidae","adult","collected",1
2014,8,"20C","B",3,"unburned","Hymenoptera","Mymaridae","Hymenoptera_Mymaridae","adult","collected",1
2014,8,"20C","B",3,"unburned","Araneae","Philodromidae","Araneae_Philodromidae","adult","collected",6
2014,8,"20C","B",4,"unburned","Orthoptera","Acrididae","Orthoptera_Acrididae","adult","observed",1
2014,8,"20C","B",4,"unburned","Orthoptera","Gryllidae","Orthoptera_Gryllidae","adult","collected",1
2014,8,"20C","B",4,"unburned","Hemiptera:Auchenorrhyncha","Cicadellidae","Hemiptera:Auchenorrhyncha_Cicadellidae","nymph","collected",3
2014,8,"20C","B",4,"unburned","Hemiptera:Auchenorrhyncha","Cicadellidae","Hemiptera:Auchenorrhyncha_Cicadellidae","adult","collected",4
2014,8,"20C","B",4,"unburned","Hemiptera:Auchenorrhyncha","Membracidae","Hemiptera:Auchenorrhyncha_Membracidae","adult","collected",1
2014,8,"20C","B",4,"unburned","Hemiptera:Heteroptera","Miridae","Hemiptera:Heteroptera_Miridae","adult","collected",2
2014,8,"20C","B",4,"unburned","Coleoptera","Curculionidae","Coleoptera_Curculionidae","adult","collected",1
2014,8,"20C","B",4,"unburned","Hemiptera:Heteroptera","Reduviidae","Hemiptera:Heteroptera_Reduviidae","nymph","collected",1
2014,8,"20C","B",4,"unburned","Diptera","Cecidomyiidae","Diptera_Cecidomyiidae","adult","collected",5
2014,8,"20C","B",4,"unburned","Thysanoptera","Thripidae","Thysanoptera_Thripidae","adult","collected",2
2014,8,"20C","B",4,"unburned","Hymenoptera","Eulophidae","Hymenoptera_Eulophidae","adult","collected",1
2014,8,"20C","B",4,"unburned","Hymenoptera","Mymaridae","Hymenoptera_Mymaridae","adult","collected",1
2014,8,"20C","B",4,"unburned","Araneae","Philodromidae","Araneae_Philodromidae","adult","collected",1
2014,8,"20C","B",4,"unburned","Araneae","Araneidae","Araneae_Araneidae","adult","collected",2
2014,8,"20C","B",4,"unburned","Araneae","Salticidae","Araneae_Salticidae","adult","collected",1
2014,8,"20C","B",5,"unburned","Orthoptera","Acrididae","Orthoptera_Acrididae","adult","observed",3
2014,8,"20C","B",5,"unburned","Orthoptera","Tettigonidae","Orthoptera_Tettigonidae","adult","observed",1
2014,8,"20C","B",5,"unburned","Araneae","Philodromidae","Araneae_Philodromidae","adult","collected",1
2014,8,"20C","B",5,"unburned","Araneae","Linyphiidae","Araneae_Linyphiidae","adult","collected",9
2014,8,"20C","B",5,"unburned","Hymenoptera","Eulophidae","Hymenoptera_Eulophidae","adult","collected",1
2014,8,"20C","B",5,"unburned","Araneae","Salticidae","Araneae_Salticidae","adult","collected",1
2014,8,"20C","B",5,"unburned","Hemiptera:Auchenorrhyncha","Membracidae","Hemiptera:Auchenorrhyncha_Membracidae","adult","collected",2
2014,8,"20C","B",5,"unburned","Hemiptera:Auchenorrhyncha","Cicadellidae","Hemiptera:Auchenorrhyncha_Cicadellidae","adult","collected",2
2014,8,"20C","B",5,"unburned","Diptera","Cecidomyiidae","Diptera_Cecidomyiidae","adult","collected",5
2014,8,"20C","B",5,"unburned","Thysanoptera","Thripidae","Thysanoptera_Thripidae","adult","collected",4
2014,8,"20C","B",5,"unburned","Acari","Acari","Acari_Acari","adult","collected",1
2014,8,"20C","B",5,"unburned","Hemiptera:Auchenorrhyncha","Cicadellidae","Hemiptera:Auchenorrhyncha_Cicadellidae","nymph","collected",6
2014,8,"20C","B",5,"unburned","Hemiptera:Heteroptera","Miridae","Hemiptera:Heteroptera_Miridae","adult","collected",1
2014,8,"20C","B",6,"unburned","Orthoptera","Acrididae","Orthoptera_Acrididae","adult","observed",5
2014,8,"20C","B",6,"unburned","Orthoptera","Acrididae","Orthoptera_Acrididae","adult","collected",1
2014,8,"20C","B",6,"unburned","Lepidoptera","Crambidae","Lepidoptera_Crambidae","adult","observed",1
2014,8,"20C","B",6,"unburned","Hemiptera:Heteroptera","Reduviidae","Hemiptera:Heteroptera_Reduviidae","nymph","collected",1
2014,8,"20C","B",6,"unburned","Hemiptera:Auchenorrhyncha","Cicadellidae","Hemiptera:Auchenorrhyncha_Cicadellidae","adult","collected",2
2014,8,"20C","B",6,"unburned","Hemiptera:Auchenorrhyncha","Cicadellidae","Hemiptera:Auchenorrhyncha_Cicadellidae","nymph","collected",4
2014,8,"20C","B",6,"unburned","Araneae","Linyphiidae","Araneae_Linyphiidae","adult","collected",9
2014,8,"20C","B",6,"unburned","Hemiptera:Heteroptera","Miridae","Hemiptera:Heteroptera_Miridae","adult","collected",2
2014,8,"20C","B",6,"unburned","Hymenoptera","Eulophidae","Hymenoptera_Eulophidae","adult","collected",2
2014,8,"20C","B",6,"unburned","Thysanoptera","Thripidae","Thysanoptera_Thripidae","adult","collected",1
2014,8,"20C","B",6,"unburned","Diptera","Cecidomyiidae","Diptera_Cecidomyiidae","adult","collected",1
2014,8,"20C","C",1,"unburned","Araneae","Linyphiidae","Araneae_Linyphiidae","adult","collected",16
2014,8,"20C","C",1,"unburned","Araneae","Philodromidae","Araneae_Philodromidae","adult","collected",4
2014,8,"20C","C",1,"unburned","Hemiptera:Auchenorrhyncha","Membracidae","Hemiptera:Auchenorrhyncha_Membracidae","adult","collected",2
2014,8,"20C","C",1,"unburned","Hemiptera:Auchenorrhyncha","Cicadellidae","Hemiptera:Auchenorrhyncha_Cicadellidae","adult","collected",6
2014,8,"20C","C",1,"unburned","Hemiptera:Auchenorrhyncha","Cicadellidae","Hemiptera:Auchenorrhyncha_Cicadellidae","nymph","collected",1
2014,8,"20C","C",1,"unburned","Hymenoptera","Eupelmidae","Hymenoptera_Eupelmidae","adult","collected",1
2014,8,"20C","C",1,"unburned","Araneae","Salticidae","Araneae_Salticidae","adult","collected",1
2014,8,"20C","C",1,"unburned","Diptera","Cecidomyiidae","Diptera_Cecidomyiidae","adult","collected",3
2014,8,"20C","C",1,"unburned","Hemiptera:Sternorrhyncha","Aphididae","Hemiptera:Sternorrhyncha_Aphididae","adult","collected",1
2014,8,"20C","C",2,"unburned","Orthoptera","Acrididae","Orthoptera_Acrididae","adult","observed",3
2014,8,"20C","C",2,"unburned","Araneae","Linyphiidae","Araneae_Linyphiidae","adult","collected",4
2014,8,"20C","C",2,"unburned","Araneae","Salticidae","Araneae_Salticidae","adult","collected",1
2014,8,"20C","C",2,"unburned","Hemiptera:Auchenorrhyncha","Cicadellidae","Hemiptera:Auchenorrhyncha_Cicadellidae","adult","collected",5
2014,8,"20C","C",2,"unburned","Hemiptera:Auchenorrhyncha","Cicadellidae","Hemiptera:Auchenorrhyncha_Cicadellidae","nymph","collected",5
2014,8,"20C","C",2,"unburned","Thysanoptera","Thripidae","Thysanoptera_Thripidae","adult","collected",2
2014,8,"20C","C",2,"unburned","Hemiptera:Sternorrhyncha","Aphididae","Hemiptera:Sternorrhyncha_Aphididae","adult","collected",2
2014,8,"20C","C",2,"unburned","Diptera","Cecidomyiidae","Diptera_Cecidomyiidae","adult","collected",2
2014,8,"20C","C",3,"unburned","Orthoptera","Acrididae","Orthoptera_Acrididae","adult","observed",1
2014,8,"20C","C",3,"unburned","Hemiptera:Heteroptera","Reduviidae","Hemiptera:Heteroptera_Reduviidae","nymph","collected",1
2014,8,"20C","C",3,"unburned","Araneae","Lycosidae","Araneae_Lycosidae","adult","collected",1
2014,8,"20C","C",3,"unburned","Araneae","Linyphiidae","Araneae_Linyphiidae","adult","collected",4
2014,8,"20C","C",3,"unburned","Araneae","Araneidae","Araneae_Araneidae","adult","collected",1
2014,8,"20C","C",3,"unburned","Hemiptera:Auchenorrhyncha","Cicadellidae","Hemiptera:Auchenorrhyncha_Cicadellidae","nymph","collected",6
2014,8,"20C","C",3,"unburned","Hemiptera:Auchenorrhyncha","Cicadellidae","Hemiptera:Auchenorrhyncha_Cicadellidae","adult","collected",1
2014,8,"20C","C",3,"unburned","Thysanoptera","Thripidae","Thysanoptera_Thripidae","adult","collected",19
2014,8,"20C","C",3,"unburned","Diptera","Cecidomyiidae","Diptera_Cecidomyiidae","adult","collected",2
2014,8,"20C","C",3,"unburned","Hymenoptera","Mymaridae","Hymenoptera_Mymaridae","adult","collected",1
2014,8,"20C","C",3,"unburned","Hymenoptera","Eulophidae","Hymenoptera_Eulophidae","adult","collected",1
2014,8,"20C","C",3,"unburned","Hymenoptera","Eupelmidae","Hymenoptera_Eupelmidae","adult","collected",1
2014,8,"20C","C",3,"unburned","Hymenoptera","Ichneumonidae","Hymenoptera_Ichneumonidae","adult","collected",1
2014,8,"20C","C",4,"unburned","Orthoptera","Acrididae","Orthoptera_Acrididae","adult","observed",1
2014,8,"20C","C",5,"unburned","Hemiptera:Heteroptera","Reduviidae","Hemiptera:Heteroptera_Reduviidae","nymph","collected",1
2014,8,"20C","C",5,"unburned","Hemiptera:Auchenorrhyncha","Cicadellidae","Hemiptera:Auchenorrhyncha_Cicadellidae","adult","collected",1
2014,8,"20C","C",5,"unburned","Hemiptera:Auchenorrhyncha","Cicadellidae","Hemiptera:Auchenorrhyncha_Cicadellidae","nymph","collected",5
2014,8,"20C","C",5,"unburned","Hemiptera:Auchenorrhyncha","Membracidae","Hemiptera:Auchenorrhyncha_Membracidae","adult","collected",1
2014,8,"20C","C",5,"unburned","Hemiptera:Heteroptera","miridae","Hemiptera:Heteroptera_miridae","nymph","collected",1
2014,8,"20C","C",5,"unburned","Araneae","Philodromidae","Araneae_Philodromidae","adult","collected",4
2014,8,"20C","C",5,"unburned","Araneae","Salticidae","Araneae_Salticidae","adult","collected",2
2014,8,"20C","C",5,"unburned","Araneae","Araneidae","Araneae_Araneidae","adult","collected",2
2014,8,"20C","C",5,"unburned","Thysanoptera","Thripidae","Thysanoptera_Thripidae","adult","collected",3
2014,8,"20C","C",5,"unburned","Diptera","Cecidomyiidae","Diptera_Cecidomyiidae","adult","collected",4
2014,8,"20C","C",5,"unburned","Hymenoptera","Mymaridae","Hymenoptera_Mymaridae","adult","collected",1
2014,8,"20C","C",6,"unburned","Orthoptera","Acrididae","Orthoptera_Acrididae","adult","observed",2
2014,8,"20C","C",6,"unburned","Hemiptera:Auchenorrhyncha","Membracidae","Hemiptera:Auchenorrhyncha_Membracidae","adult","collected",2
2014,8,"20C","C",6,"unburned","Hemiptera:Auchenorrhyncha","Cicadellidae","Hemiptera:Auchenorrhyncha_Cicadellidae","nymph","collected",7
2014,8,"20C","C",6,"unburned","Hymenoptera","Ichneumonidae","Hymenoptera_Ichneumonidae","adult","collected",1
2014,8,"20C","C",6,"unburned","Diptera","Chloropidae","Diptera_Chloropidae","adult","collected",2
2014,8,"20C","C",6,"unburned","Hymenoptera","Eulophidae","Hymenoptera_Eulophidae","adult","collected",1
2014,8,"20C","C",6,"unburned","Diptera","Cecidomyiidae","Diptera_Cecidomyiidae","adult","collected",1
2014,8,"20C","C",6,"unburned","Araneae","Linyphiidae","Araneae_Linyphiidae","adult","collected",3
2014,8,"20B","D",1,"unburned","Orthoptera","Acrididae","Orthoptera_Acrididae","adult","observed",1
2014,8,"20B","D",1,"unburned","Araneae","Linyphiidae","Araneae_Linyphiidae","adult","collected",7
2014,8,"20B","D",1,"unburned","Coleoptera","Curculionidae","Coleoptera_Curculionidae","adult","collected",2
2014,8,"20B","D",1,"unburned","Araneae","Salticidae","Araneae_Salticidae","adult","collected",1
2014,8,"20B","D",1,"unburned","Hemiptera:Auchenorrhyncha","Cicadellidae","Hemiptera:Auchenorrhyncha_Cicadellidae","adult","collected",1
2014,8,"20B","D",1,"unburned","Hemiptera:Auchenorrhyncha","Cicadellidae","Hemiptera:Auchenorrhyncha_Cicadellidae","nymph","collected",3
2014,8,"20B","D",1,"unburned","Hymenoptera","Formicidae","Hymenoptera_Formicidae","adult","collected",1
2014,8,"20B","D",2,"unburned","Hemiptera:Auchenorrhyncha","Cicadellidae","Hemiptera:Auchenorrhyncha_Cicadellidae","nymph","collected",4
2014,8,"20B","D",2,"unburned","Hemiptera:Auchenorrhyncha","Cicadellidae","Hemiptera:Auchenorrhyncha_Cicadellidae","adult","collected",3
2014,8,"20B","D",2,"unburned","Araneae","Linyphiidae","Araneae_Linyphiidae","adult","collected",10
2014,8,"20B","D",2,"unburned","Thysanoptera","Thripidae","Thysanoptera_Thripidae","adult","collected",1
2014,8,"20B","D",2,"unburned","Araneae","Salticidae","Araneae_Salticidae","adult","collected",1
2014,8,"20B","D",2,"unburned","Hemiptera:Heteroptera","Miridae","Hemiptera:Heteroptera_Miridae","adult","collected",1
2014,8,"20B","D",2,"unburned","Hymenoptera","Eulophidae","Hymenoptera_Eulophidae","adult","collected",3
2014,8,"20B","D",2,"unburned","Phasmatodea","Heteronemiidae","Phasmatodea_Heteronemiidae","adult","collected",1
2014,8,"20B","D",3,"unburned","Orthoptera","Acrididae","Orthoptera_Acrididae","adult","observed",1
2014,8,"20B","D",3,"unburned","Hemiptera:Auchenorrhyncha","Cicadellidae","Hemiptera:Auchenorrhyncha_Cicadellidae","adult","collected",1
2014,8,"20B","D",3,"unburned","Hemiptera:Auchenorrhyncha","Cicadellidae","Hemiptera:Auchenorrhyncha_Cicadellidae","nymph","collected",5
2014,8,"20B","D",3,"unburned","Lepidoptera","Crambidae","Lepidoptera_Crambidae","larvae","collected",1
2014,8,"20B","D",3,"unburned","Araneae","Linyphiidae","Araneae_Linyphiidae","adult","collected",10
2014,8,"20B","D",3,"unburned","Araneae","Philodromidae","Araneae_Philodromidae","adult","collected",1
2014,8,"20B","D",3,"unburned","Araneae","Araneidae","Araneae_Araneidae","adult","collected",2
2014,8,"20B","D",4,"unburned","Orthoptera","Acrididae","Orthoptera_Acrididae","adult","observed",4
2014,8,"20B","D",4,"unburned","Orthoptera","Acrididae","Orthoptera_Acrididae","adult","collected",1
2014,8,"20B","D",4,"unburned","Orthoptera","Gryllidae","Orthoptera_Gryllidae","adult","collected",2
2014,8,"20B","D",4,"unburned","Lepidoptera","Crambidae","Lepidoptera_Crambidae","adult","collected",1
2014,8,"20B","D",4,"unburned","Lepidoptera","Crambidae","Lepidoptera_Crambidae","larvae","collected",1
2014,8,"20B","D",4,"unburned","Acari","Acari","Acari_Acari","adult","collected",1
2014,8,"20B","D",4,"unburned","Hemiptera:Auchenorrhyncha","Dictyopharidae","Hemiptera:Auchenorrhyncha_Dictyopharidae","adult","collected",1
2014,8,"20B","D",4,"unburned","Hemiptera:Heteroptera","Tingidae","Hemiptera:Heteroptera_Tingidae","adult","collected",1
2014,8,"20B","D",4,"unburned","Hemiptera:Heteroptera","Miridae","Hemiptera:Heteroptera_Miridae","adult","collected",2
2014,8,"20B","D",4,"unburned","Hemiptera:Auchenorrhyncha","Cicadellidae","Hemiptera:Auchenorrhyncha_Cicadellidae","nymph","collected",4
2014,8,"20B","D",4,"unburned","Hemiptera:Auchenorrhyncha","Cicadellidae","Hemiptera:Auchenorrhyncha_Cicadellidae","adult","collected",1
2014,8,"20B","D",4,"unburned","Thysanoptera","Thripidae","Thysanoptera_Thripidae","adult","collected",6
2014,8,"20B","D",4,"unburned","Hymenoptera","Eulophidae","Hymenoptera_Eulophidae","adult","collected",3
2014,8,"20B","D",4,"unburned","Araneae","Araneidae","Araneae_Araneidae","adult","collected",2
2014,8,"20B","D",4,"unburned","Araneae","Salticidae","Araneae_Salticidae","adult","collected",2
2014,8,"20B","D",4,"unburned","Araneae","Lycosidae","Araneae_Lycosidae","adult","collected",1
2014,8,"20B","D",4,"unburned","Araneae","Linyphiidae","Araneae_Linyphiidae","adult","collected",9
2014,8,"20B","D",5,"unburned","Orthoptera","Acrididae","Orthoptera_Acrididae","adult","observed",5
2014,8,"20B","D",5,"unburned","Orthoptera","Gryllidae","Orthoptera_Gryllidae","adult","collected",1
2014,8,"20B","D",5,"unburned","Araneae","Araneidae","Araneae_Araneidae","adult","collected",2
2014,8,"20B","D",5,"unburned","Araneae","Salticidae","Araneae_Salticidae","adult","collected",2
2014,8,"20B","D",5,"unburned","Araneae","Lycosidae","Araneae_Lycosidae","adult","collected",2
2014,8,"20B","D",5,"unburned","Araneae","Linyphiidae","Araneae_Linyphiidae","adult","collected",13
2014,8,"20B","D",5,"unburned","Acari","Acari","Acari_Acari","adult","collected",1
2014,8,"20B","D",5,"unburned","Hymenoptera","Eulophidae","Hymenoptera_Eulophidae","adult","collected",3
2014,8,"20B","D",5,"unburned","Hemiptera:Auchenorrhyncha","Cicadellidae","Hemiptera:Auchenorrhyncha_Cicadellidae","nymph","collected",3
2014,8,"20B","D",5,"unburned","Hemiptera:Auchenorrhyncha","Cicadellidae","Hemiptera:Auchenorrhyncha_Cicadellidae","adult","collected",2
2014,8,"20B","D",6,"unburned","Orthoptera","Acrididae","Orthoptera_Acrididae","adult","observed",3
2014,8,"20B","D",6,"unburned","Hemiptera:Auchenorrhyncha","Cicadellidae","Hemiptera:Auchenorrhyncha_Cicadellidae","adult","collected",1
2014,8,"20B","D",6,"unburned","Hemiptera:Auchenorrhyncha","Cicadellidae","Hemiptera:Auchenorrhyncha_Cicadellidae","nymph","collected",4
2014,8,"20B","D",6,"unburned","Hymenoptera","Mymaridae","Hymenoptera_Mymaridae","adult","collected",2
2014,8,"20B","D",6,"unburned","Hymenoptera","Eulophidae","Hymenoptera_Eulophidae","adult","collected",1
2014,8,"20B","E",1,"unburned","Orthoptera","Acrididae","Orthoptera_Acrididae","adult","observed",2
2014,8,"20B","E",1,"unburned","Hemiptera:Auchenorrhyncha","Cicadellidae","Hemiptera:Auchenorrhyncha_Cicadellidae","adult","collected",2
2014,8,"20B","E",1,"unburned","Thysanoptera","Thripidae","Thysanoptera_Thripidae","adult","collected",1
2014,8,"20B","E",1,"unburned","Hymenoptera","Eulophidae","Hymenoptera_Eulophidae","adult","collected",3
2014,8,"20B","E",1,"unburned","Hymenoptera","Formicidae","Hymenoptera_Formicidae","adult","collected",1
2014,8,"20B","E",1,"unburned","Hemiptera:Heteroptera","Miridae","Hemiptera:Heteroptera_Miridae","adult","collected",3
2014,8,"20B","E",1,"unburned","Coleoptera","Chrysomelidae","Coleoptera_Chrysomelidae","adult","collected",2
2014,8,"20B","E",1,"unburned","Hymenoptera","Mymaridae","Hymenoptera_Mymaridae","adult","collected",1
2014,8,"20B","E",1,"unburned","Araneae","Araneidae","Araneae_Araneidae","adult","collected",1
2014,8,"20B","E",1,"unburned","Araneae","Linyphiidae","Araneae_Linyphiidae","adult","collected",7
2014,8,"20B","E",1,"unburned","Araneae","Philodromidae","Araneae_Philodromidae","adult","collected",3
2014,8,"20B","E",1,"unburned","Araneae","Salticidae","Araneae_Salticidae","adult","collected",1
2014,8,"20B","E",2,"unburned","Orthoptera","Acrididae","Orthoptera_Acrididae","adult","observed",1
2014,8,"20B","E",2,"unburned","Orthoptera","Acrididae","Orthoptera_Acrididae","adult","collected",1
2014,8,"20B","E",2,"unburned","Diptera","Cecidomyiidae","Diptera_Cecidomyiidae","adult","collected",2
2014,8,"20B","E",2,"unburned","Orthoptera","Gryllidae","Orthoptera_Gryllidae","adult","collected",1
2014,8,"20B","E",2,"unburned","Hymenoptera","Mymaridae","Hymenoptera_Mymaridae","adult","collected",1
2014,8,"20B","E",2,"unburned","Hymenoptera","Eulophidae","Hymenoptera_Eulophidae","adult","collected",1
2014,8,"20B","E",2,"unburned","Diptera","Chloropidae","Diptera_Chloropidae","adult","collected",1
2014,8,"20B","E",2,"unburned","Thysanoptera","Thripidae","Thysanoptera_Thripidae","adult","collected",3
2014,8,"20B","E",2,"unburned","Hemiptera:Auchenorrhyncha","Cicadellidae","Hemiptera:Auchenorrhyncha_Cicadellidae","adult","collected",1
2014,8,"20B","E",2,"unburned","Hemiptera:Auchenorrhyncha","Cicadellidae","Hemiptera:Auchenorrhyncha_Cicadellidae","nymph","collected",1
2014,8,"20B","E",2,"unburned","Araneae","Linyphiidae","Araneae_Linyphiidae","adult","collected",5
2014,8,"20B","E",2,"unburned","Araneae","Salticidae","Araneae_Salticidae","adult","collected",1
2014,8,"20B","E",2,"unburned","Araneae","Philodromidae","Araneae_Philodromidae","adult","collected",1
2014,8,"20B","E",3,"unburned","Orthoptera","Acrididae","Orthoptera_Acrididae","adult","observed",3
2014,8,"20B","E",3,"unburned","Araneae","Salticidae","Araneae_Salticidae","adult","collected",1
2014,8,"20B","E",3,"unburned","Thysanoptera","Thripidae","Thysanoptera_Thripidae","adult","collected",4
2014,8,"20B","E",3,"unburned","Hemiptera:Auchenorrhyncha","Cicadellidae","Hemiptera:Auchenorrhyncha_Cicadellidae","nymph","collected",5
2014,8,"20B","E",3,"unburned","Hemiptera:Auchenorrhyncha","Cicadellidae","Hemiptera:Auchenorrhyncha_Cicadellidae","adult","collected",2
2014,8,"20B","E",3,"unburned","Hymenoptera","Eulophidae","Hymenoptera_Eulophidae","adult","collected",8
2014,8,"20B","E",3,"unburned","Hymenoptera","Ichneumonidae","Hymenoptera_Ichneumonidae","adult","collected",1
2014,8,"20B","E",3,"unburned","Hymenoptera","Eupelmidae","Hymenoptera_Eupelmidae","adult","collected",1
2014,8,"20B","E",3,"unburned","Diptera","Cecidomyiidae","Diptera_Cecidomyiidae","adult","collected",2
2014,8,"20B","E",4,"unburned","Orthoptera","Acrididae","Orthoptera_Acrididae","adult","observed",3
2014,8,"20B","E",4,"unburned","Coleoptera","Chrysomelidae","Coleoptera_Chrysomelidae","adult","collected",1
2014,8,"20B","E",4,"unburned","Coleoptera","Curculionidae","Coleoptera_Curculionidae","adult","collected",1
2014,8,"20B","E",4,"unburned","Hemiptera:Heteroptera","Reduviidae","Hemiptera:Heteroptera_Reduviidae","nymph","collected",4
2014,8,"20B","E",4,"unburned","Hemiptera:Heteroptera","Miridae","Hemiptera:Heteroptera_Miridae","nymph","collected",1
2014,8,"20B","E",4,"unburned","Hemiptera:Heteroptera","Miridae","Hemiptera:Heteroptera_Miridae","adult","collected",1
2014,8,"20B","E",4,"unburned","Hemiptera:Heteroptera","Tingidae","Hemiptera:Heteroptera_Tingidae","adult","collected",2
2014,8,"20B","E",4,"unburned","Lepidoptera","Crambidae","Lepidoptera_Crambidae","larvae","collected",1
2014,8,"20B","E",4,"unburned","Araneae","Lycosidae","Araneae_Lycosidae","adult","collected",2
2014,8,"20B","E",4,"unburned","Araneae","Philodromidae","Araneae_Philodromidae","adult","collected",1
2014,8,"20B","E",4,"unburned","Araneae","Linyphiidae","Araneae_Linyphiidae","adult","collected",3
2014,8,"20B","E",4,"unburned","Araneae","Salticidae","Araneae_Salticidae","adult","collected",1
2014,8,"20B","E",4,"unburned","Hemiptera:Auchenorrhyncha","Cicadellidae","Hemiptera:Auchenorrhyncha_Cicadellidae","nymph","collected",8
2014,8,"20B","E",4,"unburned","Diptera","Cecidomyiidae","Diptera_Cecidomyiidae","adult","collected",3
2014,8,"20B","E",4,"unburned","Hymenoptera","Mymaridae","Hymenoptera_Mymaridae","adult","collected",1
2014,8,"20B","E",4,"unburned","Hymenoptera","Ichneumonidae","Hymenoptera_Ichneumonidae","adult","collected",1
2014,8,"20B","E",4,"unburned","Hymenoptera","Formicidae","Hymenoptera_Formicidae","adult","collected",3
2014,8,"20B","E",5,"unburned","Orthoptera","Acrididae","Orthoptera_Acrididae","adult","observed",6
2014,8,"20B","E",5,"unburned","Hemiptera:Heteroptera","Reduviidae","Hemiptera:Heteroptera_Reduviidae","nymph","collected",1
2014,8,"20B","E",5,"unburned","Hemiptera:Auchenorrhyncha","Cicadellidae","Hemiptera:Auchenorrhyncha_Cicadellidae","nymph","collected",3
2014,8,"20B","E",5,"unburned","Hemiptera:Auchenorrhyncha","Cicadellidae","Hemiptera:Auchenorrhyncha_Cicadellidae","adult","collected",1
2014,8,"20B","E",5,"unburned","Hemiptera:Heteroptera","Miridae","Hemiptera:Heteroptera_Miridae","adult","collected",3
2014,8,"20B","E",5,"unburned","Hemiptera:Auchenorrhyncha","Membracidae","Hemiptera:Auchenorrhyncha_Membracidae","adult","collected",1
2014,8,"20B","E",5,"unburned","Acari","Acari","Acari_Acari","adult","collected",1
2014,8,"20B","E",5,"unburned","Araneae","Salticidae","Araneae_Salticidae","adult","collected",4
2014,8,"20B","E",5,"unburned","Araneae","Philodromidae","Araneae_Philodromidae","adult","collected",4
2014,8,"20B","E",5,"unburned","Araneae","Linyphiidae","Araneae_Linyphiidae","adult","collected",2
2014,8,"20B","E",5,"unburned","Hymenoptera","Formicidae","Hymenoptera_Formicidae","adult","collected",1
2014,8,"20B","E",5,"unburned","Hymenoptera","Eupelmidae","Hymenoptera_Eupelmidae","adult","collected",1
2014,8,"20B","E",5,"unburned","Diptera","Cecidomyiidae","Diptera_Cecidomyiidae","adult","collected",1
2014,8,"20B","E",6,"unburned","Orthoptera","Acrididae","Orthoptera_Acrididae","adult","observed",2
2014,8,"20B","E",6,"unburned","Orthoptera","Tettigonidae","Orthoptera_Tettigonidae","adult","collected",1
2014,8,"20B","E",6,"unburned","Hemiptera:Auchenorrhyncha","Cicadellidae","Hemiptera:Auchenorrhyncha_Cicadellidae","nymph","collected",5
2014,8,"20B","E",6,"unburned","Hemiptera:Auchenorrhyncha","Cicadellidae","Hemiptera:Auchenorrhyncha_Cicadellidae","adult","collected",1
2014,8,"20B","E",6,"unburned","Thysanoptera","Thripidae","Thysanoptera_Thripidae","adult","collected",1
2014,8,"20B","E",6,"unburned","Araneae","Salticidae","Araneae_Salticidae","adult","collected",2
2014,8,"20B","E",6,"unburned","Araneae","Linyphiidae","Araneae_Linyphiidae","adult","collected",2
2014,8,"20B","E",6,"unburned","Hymenoptera","Ichneumonidae","Hymenoptera_Ichneumonidae","adult","collected",1
2014,8,"20B","E",6,"unburned","Diptera","Cecidomyiidae","Diptera_Cecidomyiidae","adult","collected",4
2014,8,"20B","E",6,"unburned","Acari","Acari","Acari_Acari","adult","collected",1
2014,8,"20B","E",6,"unburned","Hymenoptera","Eulophidae","Hymenoptera_Eulophidae","adult","collected",3
2014,8,"20B","E",6,"unburned","Hymenoptera","Eupelmidae","Hymenoptera_Eupelmidae","adult","collected",1
2014,8,"20B","E",6,"unburned","Diptera","Chloropidae","Diptera_Chloropidae","adult","collected",1
2014,8,"20B","F",1,"unburned","Hemiptera:Auchenorrhyncha","Cicadellidae","Hemiptera:Auchenorrhyncha_Cicadellidae","nymph","collected",5
2014,8,"20B","F",1,"unburned","Hemiptera:Auchenorrhyncha","Cicadellidae","Hemiptera:Auchenorrhyncha_Cicadellidae","adult","collected",1
2014,8,"20B","F",1,"unburned","Araneae","Araneidae","Araneae_Araneidae","adult","collected",1
2014,8,"20B","F",1,"unburned","Diptera","Cecidomyiidae","Diptera_Cecidomyiidae","adult","collected",1
2014,8,"20B","F",2,"unburned","Orthoptera","Tettigonidae","Orthoptera_Tettigonidae","adult","observed",1
2014,8,"20B","F",2,"unburned","Orthoptera","Tettigonidae","Orthoptera_Tettigonidae","adult","collected",1
2014,8,"20B","F",2,"unburned","Hemiptera:Auchenorrhyncha","Membracidae","Hemiptera:Auchenorrhyncha_Membracidae","adult","collected",2
2014,8,"20B","F",2,"unburned","Hemiptera:Auchenorrhyncha","Membracidae","Hemiptera:Auchenorrhyncha_Membracidae","nymph","collected",3
2014,8,"20B","F",2,"unburned","Hemiptera:Auchenorrhyncha","Cicadellidae","Hemiptera:Auchenorrhyncha_Cicadellidae","adult","collected",2
2014,8,"20B","F",2,"unburned","Hemiptera:Auchenorrhyncha","Cicadellidae","Hemiptera:Auchenorrhyncha_Cicadellidae","nymph","collected",3
2014,8,"20B","F",2,"unburned","Orthoptera","Gryllidae","Orthoptera_Gryllidae","adult","collected",1
2014,8,"20B","F",2,"unburned","Diptera","Cecidomyiidae","Diptera_Cecidomyiidae","adult","collected",5
2014,8,"20B","F",2,"unburned","Hymenoptera","Eulophidae","Hymenoptera_Eulophidae","adult","collected",4
2014,8,"20B","F",2,"unburned","Coleoptera","Curculionidae","Coleoptera_Curculionidae","adult","collected",1
2014,8,"20B","F",2,"unburned","Araneae","Linyphiidae","Araneae_Linyphiidae","adult","collected",8
2014,8,"20B","F",2,"unburned","Araneae","Salticidae","Araneae_Salticidae","adult","collected",1
2014,8,"20B","F",3,"unburned","Orthoptera","Tettigonidae","Orthoptera_Tettigonidae","adult","observed",1
2014,8,"20B","F",3,"unburned","Orthoptera","Acrididae","Orthoptera_Acrididae","adult","observed",1
2014,8,"20B","F",3,"unburned","Hymenoptera","Eulophidae","Hymenoptera_Eulophidae","adult","collected",6
2014,8,"20B","F",3,"unburned","Diptera","Cecidomyiidae","Diptera_Cecidomyiidae","adult","collected",1
2014,8,"20B","F",3,"unburned","Hemiptera:Auchenorrhyncha","Cicadellidae","Hemiptera:Auchenorrhyncha_Cicadellidae","nymph","collected",1
2014,8,"20B","F",3,"unburned","Araneae","Linyphiidae","Araneae_Linyphiidae","adult","collected",3
2014,8,"20B","F",3,"unburned","Araneae","Salticidae","Araneae_Salticidae","adult","collected",1
2014,8,"20B","F",4,"unburned","Orthoptera","Acrididae","Orthoptera_Acrididae","adult","observed",3
2014,8,"20B","F",4,"unburned","Araneae","Linyphiidae","Araneae_Linyphiidae","adult","collected",4
2014,8,"20B","F",4,"unburned","Hemiptera:Auchenorrhyncha","Cicadellidae","Hemiptera:Auchenorrhyncha_Cicadellidae","adult","collected",2
2014,8,"20B","F",4,"unburned","Araneae","Salticidae","Araneae_Salticidae","adult","collected",3
2014,8,"20B","F",4,"unburned","Diptera","Chloropidae","Diptera_Chloropidae","adult","collected",2
2014,8,"20B","F",4,"unburned","Hemiptera:Heteroptera","Reduviidae","Hemiptera:Heteroptera_Reduviidae","nymph","collected",3
2014,8,"20B","F",4,"unburned","Hemiptera:Auchenorrhyncha","Cicadellidae","Hemiptera:Auchenorrhyncha_Cicadellidae","nymph","collected",4
2014,8,"20B","F",4,"unburned","Hymenoptera","Eulophidae","Hymenoptera_Eulophidae","adult","collected",1
2014,8,"20B","F",5,"unburned","Orthoptera","Acrididae","Orthoptera_Acrididae","adult","observed",4
2014,8,"20B","F",5,"unburned","Hemiptera:Auchenorrhyncha","Cicadellidae","Hemiptera:Auchenorrhyncha_Cicadellidae","nymph","collected",4
2014,8,"20B","F",5,"unburned","Hemiptera:Heteroptera","Reduviidae","Hemiptera:Heteroptera_Reduviidae","nymph","collected",1
2014,8,"20B","F",5,"unburned","Hemiptera:Heteroptera","Tingidae","Hemiptera:Heteroptera_Tingidae","adult","collected",1
2014,8,"20B","F",5,"unburned","Araneae","Linyphiidae","Araneae_Linyphiidae","adult","collected",1
2014,8,"20B","F",5,"unburned","Araneae","Philodromidae","Araneae_Philodromidae","adult","collected",2
2014,8,"20B","F",5,"unburned","Hymenoptera","Eulophidae","Hymenoptera_Eulophidae","adult","collected",1
2014,8,"20B","F",5,"unburned","Hymenoptera","Mymaridae","Hymenoptera_Mymaridae","adult","collected",1
2014,8,"20B","F",5,"unburned","Diptera","Chloropidae","Diptera_Chloropidae","adult","collected",2
2014,8,"20B","F",6,"unburned","Orthoptera","Acrididae","Orthoptera_Acrididae","adult","observed",3
2014,8,"20B","F",6,"unburned","Orthoptera","Acrididae","Orthoptera_Acrididae","adult","collected",1
2014,8,"20B","F",6,"unburned","Araneae","Araneidae","Araneae_Araneidae","adult","collected",3
2014,8,"20B","F",6,"unburned","Araneae","Salticidae","Araneae_Salticidae","adult","collected",2
2014,8,"20B","F",6,"unburned","Araneae","Linyphiidae","Araneae_Linyphiidae","adult","collected",14
2014,8,"20B","F",6,"unburned","Thysanoptera","Thripidae","Thysanoptera_Thripidae","adult","collected",7
2014,8,"20B","F",6,"unburned","Hemiptera:Auchenorrhyncha","Cicadellidae","Hemiptera:Auchenorrhyncha_Cicadellidae","nymph","collected",2
2014,8,"20B","F",6,"unburned","Hemiptera:Auchenorrhyncha","Membracidae","Hemiptera:Auchenorrhyncha_Membracidae","adult","collected",1
2014,8,"20B","F",6,"unburned","Hymenoptera","Pompilidae","Hymenoptera_Pompilidae","adult","collected",1
2014,8,"20B","F",6,"unburned","Hymenoptera","Dryinidae","Hymenoptera_Dryinidae","adult","collected",2
2014,8,"20B","F",6,"unburned","Hymenoptera","Eulophidae","Hymenoptera_Eulophidae","adult","collected",1
2014,8,"20B","F",6,"unburned","Hymenoptera","Eupelmidae","Hymenoptera_Eupelmidae","adult","collected",1
2014,8,"20B","F",6,"unburned","Hymenoptera","Formicidae","Hymenoptera_Formicidae","adult","collected",1
2014,8,"1D","A",1,"annual","Orthoptera","Acrididae","Orthoptera_Acrididae","adult","observed",3
2014,8,"1D","A",1,"annual","Orthoptera","Acrididae","Orthoptera_Acrididae","adult","collected",2
2014,8,"1D","A",1,"annual","Diptera","Chloropidae","Diptera_Chloropidae","adult","collected",1
2014,8,"1D","A",1,"annual","Lepidoptera","Crambidae","Lepidoptera_Crambidae","adult","collected",2
2014,8,"1D","A",1,"annual","Araneae","Linyphiidae","Araneae_Linyphiidae","adult","collected",1
2014,8,"1D","A",1,"annual","Thysanoptera","Thripidae","Thysanoptera_Thripidae","adult","collected",1
2014,8,"1D","A",1,"annual","Hemiptera:Auchenorrhyncha","Cicadellidae","Hemiptera:Auchenorrhyncha_Cicadellidae","nymph","collected",4
2014,8,"1D","A",1,"annual","Hymenoptera","Eupelmidae","Hymenoptera_Eupelmidae","adult","collected",1
2014,8,"1D","A",1,"annual","Hemiptera:Heteroptera","Miridae","Hemiptera:Heteroptera_Miridae","adult","collected",1
2014,8,"1D","A",1,"annual","Acari","Acari","Acari_Acari","adult","collected",1
2014,8,"1D","A",2,"annual","Orthoptera","Acrididae","Orthoptera_Acrididae","adult","observed",2
2014,8,"1D","A",2,"annual","Lepidoptera","Crambidae","Lepidoptera_Crambidae","adult","collected",1
2014,8,"1D","A",2,"annual","Acari","Acari","Acari_Acari","adult","collected",2
2014,8,"1D","A",2,"annual","Hemiptera:Heteroptera","Miridae","Hemiptera:Heteroptera_Miridae","nymph","collected",2
2014,8,"1D","A",2,"annual","Hymenoptera","Mymaridae","Hymenoptera_Mymaridae","adult","collected",1
2014,8,"1D","A",2,"annual","Hymenoptera","Formicidae","Hymenoptera_Formicidae","adult","collected",1
2014,8,"1D","A",2,"annual","Araneae","Philodromidae","Araneae_Philodromidae","adult","collected",1
2014,8,"1D","A",2,"annual","Hemiptera:Auchenorrhyncha","Cicadellidae","Hemiptera:Auchenorrhyncha_Cicadellidae","nymph","collected",2
2014,8,"1D","A",2,"annual","Hemiptera:Auchenorrhyncha","Cicadellidae","Hemiptera:Auchenorrhyncha_Cicadellidae","adult","collected",3
2014,8,"1D","A",3,"annual","Orthoptera","Acrididae","Orthoptera_Acrididae","adult","observed",4
2014,8,"1D","A",3,"annual","Lepidoptera","Crambidae","Lepidoptera_Crambidae","adult","collected",1
2014,8,"1D","A",3,"annual","Hymenoptera","Eupelmidae","Hymenoptera_Eupelmidae","adult","collected",1
2014,8,"1D","A",3,"annual","Hymenoptera","Ichneumonidae","Hymenoptera_Ichneumonidae","adult","collected",1
2014,8,"1D","A",3,"annual","Hemiptera:Heteroptera","Miridae","Hemiptera:Heteroptera_Miridae","nymph","collected",1
2014,8,"1D","A",3,"annual","Hemiptera:Auchenorrhyncha","Cicadellidae","Hemiptera:Auchenorrhyncha_Cicadellidae","adult","collected",3
2014,8,"1D","A",3,"annual","Hemiptera:Auchenorrhyncha","Cicadellidae","Hemiptera:Auchenorrhyncha_Cicadellidae","nymph","collected",5
2014,8,"1D","A",3,"annual","Araneae","Linyphiidae","Araneae_Linyphiidae","adult","collected",2
2014,8,"1D","A",3,"annual","Thysanoptera","Thripidae","Thysanoptera_Thripidae","adult","collected",2
2014,8,"1D","A",4,"annual","Orthoptera","Acrididae","Orthoptera_Acrididae","adult","observed",2
2014,8,"1D","A",4,"annual","Orthoptera","Acrididae","Orthoptera_Acrididae","adult","collected",1
2014,8,"1D","A",4,"annual","Lepidoptera","Crambidae","Lepidoptera_Crambidae","adult","collected",2
2014,8,"1D","A",4,"annual","Hemiptera:Auchenorrhyncha","Cicadellidae","Hemiptera:Auchenorrhyncha_Cicadellidae","nymph","collected",3
2014,8,"1D","A",4,"annual","Hemiptera:Heteroptera","Miridae","Hemiptera:Heteroptera_Miridae","nymph","collected",1
2014,8,"1D","A",4,"annual","Thysanoptera","Thripidae","Thysanoptera_Thripidae","adult","collected",13
2014,8,"1D","A",4,"annual","Diptera","Chloropidae","Diptera_Chloropidae","adult","collected",2
2014,8,"1D","A",4,"annual","Araneae","Linyphiidae","Araneae_Linyphiidae","adult","collected",2
2014,8,"1D","A",5,"annual","Orthoptera","Acrididae","Orthoptera_Acrididae","adult","observed",1
2014,8,"1D","A",5,"annual","Hemiptera:Auchenorrhyncha","Cicadellidae","Hemiptera:Auchenorrhyncha_Cicadellidae","adult","collected",1
2014,8,"1D","A",5,"annual","Hemiptera:Auchenorrhyncha","Cicadellidae","Hemiptera:Auchenorrhyncha_Cicadellidae","nymph","collected",3
2014,8,"1D","A",5,"annual","Hemiptera:Heteroptera","Miridae","Hemiptera:Heteroptera_Miridae","nymph","collected",2
2014,8,"1D","A",5,"annual","Diptera","Chloropidae","Diptera_Chloropidae","adult","collected",1
2014,8,"1D","A",5,"annual","Acari","Acari","Acari_Acari","adult","collected",1
2014,8,"1D","A",6,"annual","Orthoptera","Acrididae","Orthoptera_Acrididae","adult","observed",2
2014,8,"1D","A",6,"annual","Hemiptera:Auchenorrhyncha","Cicadellidae","Hemiptera:Auchenorrhyncha_Cicadellidae","adult","collected",6
2014,8,"1D","A",6,"annual","Hemiptera:Auchenorrhyncha","Cicadellidae","Hemiptera:Auchenorrhyncha_Cicadellidae","nymph","collected",3
2014,8,"1D","A",6,"annual","Hemiptera:Heteroptera","Miridae","Hemiptera:Heteroptera_Miridae","nymph","collected",2
2014,8,"1D","A",6,"annual","Hemiptera:Heteroptera","Miridae","Hemiptera:Heteroptera_Miridae","adult","collected",1
2014,8,"1D","A",6,"annual","Hymenoptera","Formicidae","Hymenoptera_Formicidae","adult","collected",2
2014,8,"1D","A",6,"annual","Araneae","Linyphiidae","Araneae_Linyphiidae","adult","collected",3
2014,8,"1D","A",6,"annual","Araneae","Araneidae","Araneae_Araneidae","adult","collected",1
2014,8,"1D","A",6,"annual","Diptera","Chloropidae","Diptera_Chloropidae","adult","collected",1
2014,8,"1D","B",1,"annual","Orthoptera","Acrididae","Orthoptera_Acrididae","adult","observed",6
2014,8,"1D","B",1,"annual","Diptera","Chloropidae","Diptera_Chloropidae","adult","collected",1
2014,8,"1D","B",1,"annual","Araneae","Araneidae","Araneae_Araneidae","adult","collected",1
2014,8,"1D","B",1,"annual","Araneae","Salticidae","Araneae_Salticidae","adult","collected",1
2014,8,"1D","B",1,"annual","Hemiptera:Auchenorrhyncha","Cicadellidae","Hemiptera:Auchenorrhyncha_Cicadellidae","adult","collected",4
2014,8,"1D","B",1,"annual","Hemiptera:Auchenorrhyncha","Cicadellidae","Hemiptera:Auchenorrhyncha_Cicadellidae","nymph","collected",4
2014,8,"1D","B",1,"annual","Hemiptera:Heteroptera","Miridae","Hemiptera:Heteroptera_Miridae","nymph","collected",1
2014,8,"1D","B",1,"annual","Hymenoptera","Eupelmidae","Hymenoptera_Eupelmidae","adult","collected",1
2014,8,"1D","B",2,"annual","Orthoptera","Acrididae","Orthoptera_Acrididae","adult","collected",1
2014,8,"1D","B",2,"annual","Orthoptera","Acrididae","Orthoptera_Acrididae","adult","observed",2
2014,8,"1D","B",2,"annual","Lepidoptera","Crambidae","Lepidoptera_Crambidae","adult","collected",1
2014,8,"1D","B",2,"annual","Hemiptera:Auchenorrhyncha","Cicadellidae","Hemiptera:Auchenorrhyncha_Cicadellidae","nymph","collected",5
2014,8,"1D","B",2,"annual","Hemiptera:Auchenorrhyncha","Cicadellidae","Hemiptera:Auchenorrhyncha_Cicadellidae","adult","collected",2
2014,8,"1D","B",2,"annual","Hemiptera:Heteroptera","Miridae","Hemiptera:Heteroptera_Miridae","nymph","collected",2
2014,8,"1D","B",2,"annual","Hemiptera:Heteroptera","Miridae","Hemiptera:Heteroptera_Miridae","adult","collected",1
2014,8,"1D","B",2,"annual","Araneae","Philodromidae","Araneae_Philodromidae","adult","collected",7
2014,8,"1D","B",2,"annual","Araneae","Linyphiidae","Araneae_Linyphiidae","adult","collected",1
2014,8,"1D","B",2,"annual","Acari","Acari","Acari_Acari","adult","collected",1
2014,8,"1D","B",2,"annual","Diptera","Chloropidae","Diptera_Chloropidae","adult","collected",2
2014,8,"1D","B",2,"annual","Hymenoptera","Mymaridae","Hymenoptera_Mymaridae","adult","collected",1
2014,8,"1D","B",2,"annual","Hymenoptera","Formicidae","Hymenoptera_Formicidae","adult","collected",1
2014,8,"1D","B",2,"annual","Hymenoptera","Braconidae","Hymenoptera_Braconidae","adult","collected",1
2014,8,"1D","B",3,"annual","Orthoptera","Acrididae","Orthoptera_Acrididae","adult","observed",5
2014,8,"1D","B",3,"annual","Diptera","Cecidomyiidae","Diptera_Cecidomyiidae","adult","collected",1
2014,8,"1D","B",3,"annual","Lepidoptera","Crambidae","Lepidoptera_Crambidae","adult","collected",1
2014,8,"1D","B",3,"annual","Coleoptera","Curculionidae","Coleoptera_Curculionidae","adult","collected",1
2014,8,"1D","B",3,"annual","Hemiptera:Heteroptera","Miridae","Hemiptera:Heteroptera_Miridae","nymph","collected",2
2014,8,"1D","B",3,"annual","Araneae","Philodromidae","Araneae_Philodromidae","adult","collected",3
2014,8,"1D","B",3,"annual","Thysanoptera","Thripidae","Thysanoptera_Thripidae","adult","collected",3
2014,8,"1D","B",3,"annual","Hymenoptera","Formicidae","Hymenoptera_Formicidae","adult","collected",1
2014,8,"1D","B",3,"annual","Hemiptera:Auchenorrhyncha","Cicadellidae","Hemiptera:Auchenorrhyncha_Cicadellidae","nymph","collected",3
2014,8,"1D","B",3,"annual","Hemiptera:Auchenorrhyncha","Cicadellidae","Hemiptera:Auchenorrhyncha_Cicadellidae","adult","collected",1
2014,8,"1D","B",3,"annual","Hymenoptera","Eulophidae","Hymenoptera_Eulophidae","adult","collected",1
2014,8,"1D","B",4,"annual","Orthoptera","Acrididae","Orthoptera_Acrididae","adult","observed",4
2014,8,"1D","B",4,"annual","Hemiptera:Heteroptera","Miridae","Hemiptera:Heteroptera_Miridae","nymph","collected",6
2014,8,"1D","B",4,"annual","Hymenoptera","Formicidae","Hymenoptera_Formicidae","adult","collected",1
2014,8,"1D","B",4,"annual","Araneae","Salticidae","Araneae_Salticidae","adult","collected",2
2014,8,"1D","B",4,"annual","Araneae","Philodromidae","Araneae_Philodromidae","adult","collected",1
2014,8,"1D","B",4,"annual","Hemiptera:Auchenorrhyncha","Cicadellidae","Hemiptera:Auchenorrhyncha_Cicadellidae","adult","collected",3
2014,8,"1D","B",5,"annual","Orthoptera","Acrididae","Orthoptera_Acrididae","adult","observed",3
2014,8,"1D","B",5,"annual","Hemiptera:Heteroptera","Miridae","Hemiptera:Heteroptera_Miridae","nymph","collected",4
2014,8,"1D","B",5,"annual","Hemiptera:Auchenorrhyncha","Cicadellidae","Hemiptera:Auchenorrhyncha_Cicadellidae","adult","collected",2
2014,8,"1D","B",5,"annual","Hemiptera:Auchenorrhyncha","Cicadellidae","Hemiptera:Auchenorrhyncha_Cicadellidae","nymph","collected",1
2014,8,"1D","B",5,"annual","Lepidoptera","Crambidae","Lepidoptera_Crambidae","adult","collected",1
2014,8,"1D","B",5,"annual","Araneae","Gnaphosidae","Araneae_Gnaphosidae","adult","collected",1
2014,8,"1D","B",5,"annual","Araneae","Philodromidae","Araneae_Philodromidae","adult","collected",2
2014,8,"1D","B",5,"annual","Hymenoptera","Formicidae","Hymenoptera_Formicidae","adult","collected",3
2014,8,"1D","B",5,"annual","Acari","Acari","Acari_Acari","adult","collected",1
2014,8,"1D","B",5,"annual","Diptera","Cecidomyiidae","Diptera_Cecidomyiidae","adult","collected",1
2014,8,"1D","B",6,"annual","Orthoptera","Acrididae","Orthoptera_Acrididae","adult","observed",2
2014,8,"1D","B",6,"annual","Coleoptera","Chrysomelidae","Coleoptera_Chrysomelidae","adult","collected",1
2014,8,"1D","B",6,"annual","Lepidoptera","Crambidae","Lepidoptera_Crambidae","larvae","collected",1
2014,8,"1D","B",6,"annual","Acari","Acari","Acari_Acari","adult","collected",1
2014,8,"1D","B",6,"annual","Araneae","Salticidae","Araneae_Salticidae","adult","collected",3
2014,8,"1D","B",6,"annual","Thysanoptera","Thripidae","Thysanoptera_Thripidae","adult","collected",2
2014,8,"1D","B",6,"annual","Hemiptera:Heteroptera","Miridae","Hemiptera:Heteroptera_Miridae","nymph","collected",1
2014,8,"1D","B",6,"annual","Hymenoptera","Formicidae","Hymenoptera_Formicidae","adult","collected",1
2014,8,"1D","B",6,"annual","Hemiptera:Auchenorrhyncha","Cicadellidae","Hemiptera:Auchenorrhyncha_Cicadellidae","adult","collected",3
2014,8,"1D","B",6,"annual","Hemiptera:Auchenorrhyncha","Cicadellidae","Hemiptera:Auchenorrhyncha_Cicadellidae","nymph","collected",2
2014,8,"1D","C",1,"annual","Orthoptera","Acrididae","Orthoptera_Acrididae","adult","observed",1
2014,8,"1D","C",1,"annual","Orthoptera","Acrididae","Orthoptera_Acrididae","adult","collected",1
2014,8,"1D","C",1,"annual","Hemiptera:Auchenorrhyncha","Cicadellidae","Hemiptera:Auchenorrhyncha_Cicadellidae","nymph","collected",5
2014,8,"1D","C",1,"annual","Araneae","Araneidae","Araneae_Araneidae","adult","collected",1
2014,8,"1D","C",1,"annual","Araneae","Linyphiidae","Araneae_Linyphiidae","adult","collected",1
2014,8,"1D","C",1,"annual","Diptera","Chloropidae","Diptera_Chloropidae","adult","collected",1
2014,8,"1D","C",1,"annual","Acari","Acari","Acari_Acari","adult","collected",1
2014,8,"1D","C",1,"annual","Hemiptera:Heteroptera","Miridae","Hemiptera:Heteroptera_Miridae","nymph","collected",1
2014,8,"1D","C",2,"annual","Orthoptera","Acrididae","Orthoptera_Acrididae","adult","collected",1
2014,8,"1D","C",2,"annual","Orthoptera","Acrididae","Orthoptera_Acrididae","adult","observed",3
2014,8,"1D","C",2,"annual","Orthoptera","Tettigonidae","Orthoptera_Tettigonidae","adult","observed",1
2014,8,"1D","C",2,"annual","Hemiptera:Auchenorrhyncha","Cicadidae","Hemiptera:Auchenorrhyncha_Cicadidae","adult","observed",1
2014,8,"1D","C",2,"annual","Hymenoptera","Formicidae","Hymenoptera_Formicidae","adult","collected",1
2014,8,"1D","C",2,"annual","Lepidoptera","Crambidae","Lepidoptera_Crambidae","adult","collected",1
2014,8,"1D","C",2,"annual","Hymenoptera","Eupelmidae","Hymenoptera_Eupelmidae","adult","collected",1
2014,8,"1D","C",2,"annual","Hemiptera:Heteroptera","Miridae","Hemiptera:Heteroptera_Miridae","nymph","collected",2
2014,8,"1D","C",2,"annual","Hemiptera:Auchenorrhyncha","Cicadellidae","Hemiptera:Auchenorrhyncha_Cicadellidae","nymph","collected",7
2014,8,"1D","C",2,"annual","Hemiptera:Auchenorrhyncha","Cicadellidae","Hemiptera:Auchenorrhyncha_Cicadellidae","adult","collected",1
2014,8,"1D","C",2,"annual","Araneae","Linyphiidae","Araneae_Linyphiidae","adult","collected",1
2014,8,"1D","C",3,"annual","Hemiptera:Heteroptera","Miridae","Hemiptera:Heteroptera_Miridae","nymph","collected",8
2014,8,"1D","C",3,"annual","Hemiptera:Auchenorrhyncha","Cicadellidae","Hemiptera:Auchenorrhyncha_Cicadellidae","nymph","collected",4
2014,8,"1D","C",3,"annual","Hemiptera:Auchenorrhyncha","Cicadellidae","Hemiptera:Auchenorrhyncha_Cicadellidae","adult","collected",1
2014,8,"1D","C",3,"annual","Orthoptera","Acrididae","Orthoptera_Acrididae","adult","collected",1
2014,8,"1D","C",3,"annual","Orthoptera","Acrididae","Orthoptera_Acrididae","adult","observed",3
2014,8,"1D","C",3,"annual","Thysanoptera","Thripidae","Thysanoptera_Thripidae","adult","collected",2
2014,8,"1D","C",3,"annual","Coleoptera","Chrysomelidae","Coleoptera_Chrysomelidae","adult","collected",1
2014,8,"1D","C",3,"annual","Lepidoptera","Crambidae","Lepidoptera_Crambidae","adult","collected",1
2014,8,"1D","C",3,"annual","Diptera","Chloropidae","Diptera_Chloropidae","adult","collected",4
2014,8,"1D","C",3,"annual","Hymenoptera","Mymaridae","Hymenoptera_Mymaridae","adult","collected",1
2014,8,"1D","C",3,"annual","Hymenoptera","Formicidae","Hymenoptera_Formicidae","adult","collected",2
2014,8,"1D","C",3,"annual","Araneae","Philodromidae","Araneae_Philodromidae","adult","collected",3
2014,8,"1D","C",3,"annual","Araneae","Lycosidae","Araneae_Lycosidae","adult","collected",1
2014,8,"1D","C",4,"annual","Orthoptera","Acrididae","Orthoptera_Acrididae","adult","collected",2
2014,8,"1D","C",4,"annual","Orthoptera","Acrididae","Orthoptera_Acrididae","adult","observed",4
2014,8,"1D","C",4,"annual","Orthoptera","Gryllidae","Orthoptera_Gryllidae","adult","collected",3
2014,8,"1D","C",4,"annual","Hemiptera:Heteroptera","Miridae","Hemiptera:Heteroptera_Miridae","nymph","collected",3
2014,8,"1D","C",4,"annual","Thysanoptera","Thripidae","Thysanoptera_Thripidae","adult","collected",1
2014,8,"1D","C",4,"annual","Hymenoptera","Formicidae","Hymenoptera_Formicidae","adult","collected",1
2014,8,"1D","C",4,"annual","Araneae","Philodromidae","Araneae_Philodromidae","adult","collected",2
2014,8,"1D","C",4,"annual","Araneae","Linyphiidae","Araneae_Linyphiidae","adult","collected",1
2014,8,"1D","C",4,"annual","Araneae","Salticidae","Araneae_Salticidae","adult","collected",1
2014,8,"1D","C",4,"annual","Hymenoptera","Eulophidae","Hymenoptera_Eulophidae","adult","collected",1
2014,8,"1D","C",4,"annual","Hemiptera:Auchenorrhyncha","Cicadellidae","Hemiptera:Auchenorrhyncha_Cicadellidae","adult","collected",5
2014,8,"1D","C",4,"annual","Hemiptera:Auchenorrhyncha","Cicadellidae","Hemiptera:Auchenorrhyncha_Cicadellidae","nymph","collected",5
2014,8,"1D","C",5,"annual","Orthoptera","Acrididae","Orthoptera_Acrididae","adult","observed",3
2014,8,"1D","C",5,"annual","Hemiptera:Auchenorrhyncha","Cicadellidae","Hemiptera:Auchenorrhyncha_Cicadellidae","nymph","collected",6
2014,8,"1D","C",5,"annual","Hemiptera:Auchenorrhyncha","Cicadellidae","Hemiptera:Auchenorrhyncha_Cicadellidae","adult","collected",1
2014,8,"1D","C",5,"annual","Araneae","Lycosidae","Araneae_Lycosidae","adult","collected",2
2014,8,"1D","C",5,"annual","Araneae","Philodromidae","Araneae_Philodromidae","adult","collected",2
2014,8,"1D","C",5,"annual","Hymenoptera","Mymaridae","Hymenoptera_Mymaridae","adult","collected",1
2014,8,"1D","C",5,"annual","Acari","Acari","Acari_Acari","adult","collected",1
2014,8,"1D","C",5,"annual","Lepidoptera","Crambidae","Lepidoptera_Crambidae","adult","collected",1
2014,8,"1D","C",5,"annual","Hymenoptera","Trichogrammatidae","Hymenoptera_Trichogrammatidae","adult","collected",1
2014,8,"1D","C",5,"annual","Hymenoptera","Eulophidae","Hymenoptera_Eulophidae","adult","collected",1
2014,8,"1D","C",5,"annual","Hymenoptera","Eupelmidae","Hymenoptera_Eupelmidae","adult","collected",1
2014,8,"1D","C",6,"annual","Orthoptera","Acrididae","Orthoptera_Acrididae","adult","observed",2
2014,8,"1D","C",6,"annual","Lepidoptera","Crambidae","Lepidoptera_Crambidae","adult","collected",1
2014,8,"1D","C",6,"annual","Hymenoptera","Formicidae","Hymenoptera_Formicidae","adult","collected",2
2014,8,"1D","C",6,"annual","Hemiptera:Auchenorrhyncha","Cicadellidae","Hemiptera:Auchenorrhyncha_Cicadellidae","nymph","collected",4
2014,8,"1D","C",6,"annual","Hemiptera:Auchenorrhyncha","Cicadellidae","Hemiptera:Auchenorrhyncha_Cicadellidae","adult","collected",3
2014,8,"1D","C",6,"annual","Thysanoptera","Thripidae","Thysanoptera_Thripidae","adult","collected",1
2014,8,"1D","C",6,"annual","Araneae","Philodromidae","Araneae_Philodromidae","adult","collected",1
2014,8,"SpB","D",1,"annual","Orthoptera","Acrididae","Orthoptera_Acrididae","adult","observed",8
2014,8,"SpB","D",1,"annual","Araneae","Linyphiidae","Araneae_Linyphiidae","adult","collected",5
2014,8,"SpB","D",1,"annual","Araneae","Philodromidae","Araneae_Philodromidae","adult","collected",1
2014,8,"SpB","D",1,"annual","Thysanoptera","Thripidae","Thysanoptera_Thripidae","adult","collected",5
2014,8,"SpB","D",1,"annual","Acari","Acari","Acari_Acari","adult","collected",1
2014,8,"SpB","D",1,"annual","Hemiptera:Auchenorrhyncha","Cicadellidae","Hemiptera:Auchenorrhyncha_Cicadellidae","nymph","collected",2
2014,8,"SpB","D",1,"annual","Hymenoptera","Formicidae","Hymenoptera_Formicidae","adult","collected",1
2014,8,"SpB","D",1,"annual","Coleoptera","Chrysomelidae","Coleoptera_Chrysomelidae","adult","collected",1
2014,8,"SpB","D",2,"annual","Orthoptera","Acrididae","Orthoptera_Acrididae","adult","observed",6
2014,8,"SpB","D",2,"annual","Araneae","Linyphiidae","Araneae_Linyphiidae","adult","collected",4
2014,8,"SpB","D",2,"annual","Hemiptera:Auchenorrhyncha","Cicadellidae","Hemiptera:Auchenorrhyncha_Cicadellidae","adult","collected",3
2014,8,"SpB","D",2,"annual","Hemiptera:Auchenorrhyncha","Cicadellidae","Hemiptera:Auchenorrhyncha_Cicadellidae","nymph","collected",8
2014,8,"SpB","D",2,"annual","Hemiptera:Heteroptera","Miridae","Hemiptera:Heteroptera_Miridae","nymph","collected",1
2014,8,"SpB","D",2,"annual","Hymenoptera","Formicidae","Hymenoptera_Formicidae","adult","collected",1
2014,8,"SpB","D",2,"annual","Araneae","Salticidae","Araneae_Salticidae","adult","collected",2
2014,8,"SpB","D",3,"annual","Orthoptera","Acrididae","Orthoptera_Acrididae","adult","observed",4
2014,8,"SpB","D",3,"annual","Orthoptera","Acrididae","Orthoptera_Acrididae","adult","collected",1
2014,8,"SpB","D",3,"annual","Orthoptera","Tettigonidae","Orthoptera_Tettigonidae","adult","collected",1
2014,8,"SpB","D",3,"annual","Hemiptera:Auchenorrhyncha","Cicadellidae","Hemiptera:Auchenorrhyncha_Cicadellidae","adult","collected",4
2014,8,"SpB","D",3,"annual","Hemiptera:Auchenorrhyncha","Cicadellidae","Hemiptera:Auchenorrhyncha_Cicadellidae","nymph","collected",2
2014,8,"SpB","D",3,"annual","Phasmatodea","Heteronemiidae","Phasmatodea_Heteronemiidae","adult","collected",1
2014,8,"SpB","D",3,"annual","Neuroptera","Chrysopidae","Neuroptera_Chrysopidae","larvae","collected",1
2014,8,"SpB","D",3,"annual","Coleoptera","Curculionidae","Coleoptera_Curculionidae","adult","collected",3
2014,8,"SpB","D",3,"annual","Hemiptera:Heteroptera","Reduviidae","Hemiptera:Heteroptera_Reduviidae","nymph","collected",1
2014,8,"SpB","D",3,"annual","Araneae","Lycosidae","Araneae_Lycosidae","adult","collected",2
2014,8,"SpB","D",3,"annual","Araneae","Philodromidae","Araneae_Philodromidae","adult","collected",3
2014,8,"SpB","D",3,"annual","Araneae","Araneidae","Araneae_Araneidae","adult","collected",2
2014,8,"SpB","D",3,"annual","Araneae","Salticidae","Araneae_Salticidae","adult","collected",1
2014,8,"SpB","D",3,"annual","Thysanoptera","Thripidae","Thysanoptera_Thripidae","adult","collected",1
2014,8,"SpB","D",3,"annual","Hymenoptera","Eulophidae","Hymenoptera_Eulophidae","adult","collected",2
2014,8,"SpB","D",4,"annual","Orthoptera","Acrididae","Orthoptera_Acrididae","adult","observed",11
2014,8,"SpB","D",4,"annual","Orthoptera","Acrididae","Orthoptera_Acrididae","adult","collected",2
2014,8,"SpB","D",4,"annual","Araneae","Linyphiidae","Araneae_Linyphiidae","adult","collected",15
2014,8,"SpB","D",4,"annual","Thysanoptera","Thripidae","Thysanoptera_Thripidae","adult","collected",29
2014,8,"SpB","D",4,"annual","Araneae","Philodromidae","Araneae_Philodromidae","adult","collected",1
2014,8,"SpB","D",4,"annual","Araneae","Araneidae","Araneae_Araneidae","adult","collected",1
2014,8,"SpB","D",4,"annual","Hemiptera:Auchenorrhyncha","Cicadellidae","Hemiptera:Auchenorrhyncha_Cicadellidae","adult","collected",3
2014,8,"SpB","D",4,"annual","Hemiptera:Auchenorrhyncha","Cicadellidae","Hemiptera:Auchenorrhyncha_Cicadellidae","nymph","collected",2
2014,8,"SpB","D",4,"annual","Coleoptera","Chrysomelidae","Coleoptera_Chrysomelidae","adult","collected",2
2014,8,"SpB","D",4,"annual","Hymenoptera","Formicidae","Hymenoptera_Formicidae","adult","collected",1
2014,8,"SpB","D",4,"annual","Diptera","Cecidomyiidae","Diptera_Cecidomyiidae","adult","collected",2
2014,8,"SpB","D",4,"annual","Hymenoptera","Eupelmidae","Hymenoptera_Eupelmidae","adult","collected",1
2014,8,"SpB","D",4,"annual","Hymenoptera","Eulophidae","Hymenoptera_Eulophidae","adult","collected",1
2014,8,"SpB","D",5,"annual","Orthoptera","Acrididae","Orthoptera_Acrididae","adult","observed",7
2014,8,"SpB","D",5,"annual","Orthoptera","Acrididae","Orthoptera_Acrididae","adult","collected",1
2014,8,"SpB","D",5,"annual","Hemiptera:Auchenorrhyncha","Cicadellidae","Hemiptera:Auchenorrhyncha_Cicadellidae","nymph","collected",8
2014,8,"SpB","D",5,"annual","Hemiptera:Auchenorrhyncha","Cicadellidae","Hemiptera:Auchenorrhyncha_Cicadellidae","adult","collected",4
2014,8,"SpB","D",5,"annual","Araneae","Linyphiidae","Araneae_Linyphiidae","adult","collected",15
2014,8,"SpB","D",5,"annual","Hymenoptera","Formicidae","Hymenoptera_Formicidae","adult","collected",1
2014,8,"SpB","D",5,"annual","Hymenoptera","Eulophidae","Hymenoptera_Eulophidae","adult","collected",8
2014,8,"SpB","D",5,"annual","Hymenoptera","Braconidae","Hymenoptera_Braconidae","adult","collected",1
2014,8,"SpB","D",5,"annual","Diptera","Cecidomyiidae","Diptera_Cecidomyiidae","adult","collected",1
2014,8,"SpB","D",5,"annual","Hymenoptera","Ichneumonidae","Hymenoptera_Ichneumonidae","adult","collected",2
2014,8,"SpB","D",5,"annual","Araneae","Salticidae","Araneae_Salticidae","adult","collected",1
2014,8,"SpB","D",5,"annual","Coleoptera","Chrysomelidae","Coleoptera_Chrysomelidae","adult","collected",1
2014,8,"SpB","D",6,"annual","Orthoptera","Acrididae","Orthoptera_Acrididae","adult","observed",6
2014,8,"SpB","D",6,"annual","Orthoptera","Tettigonidae","Orthoptera_Tettigonidae","adult","observed",1
2014,8,"SpB","D",6,"annual","Hemiptera:Auchenorrhyncha","Cicadellidae","Hemiptera:Auchenorrhyncha_Cicadellidae","nymph","collected",14
2014,8,"SpB","D",6,"annual","Araneae","Linyphiidae","Araneae_Linyphiidae","adult","collected",4
2014,8,"SpB","D",6,"annual","Araneae","Philodromidae","Araneae_Philodromidae","adult","collected",2
2014,8,"SpB","D",6,"annual","Hemiptera:Heteroptera","Miridae","Hemiptera:Heteroptera_Miridae","nymph","collected",4
2014,8,"SpB","D",6,"annual","Hymenoptera","Eulophidae","Hymenoptera_Eulophidae","adult","collected",1
2014,8,"SpB","D",6,"annual","Hymenoptera","Eurytomidae","Hymenoptera_Eurytomidae","adult","collected",1
2014,8,"SpB","E",1,"annual","Orthoptera","Acrididae","Orthoptera_Acrididae","adult","observed",2
2014,8,"SpB","E",1,"annual","Hemiptera:Heteroptera","Miridae","Hemiptera:Heteroptera_Miridae","nymph","collected",6
2014,8,"SpB","E",1,"annual","Hymenoptera","Formicidae","Hymenoptera_Formicidae","adult","collected",6
2014,8,"SpB","E",1,"annual","Araneae","Araneidae","Araneae_Araneidae","adult","collected",1
2014,8,"SpB","E",1,"annual","Araneae","Linyphiidae","Araneae_Linyphiidae","adult","collected",6
2014,8,"SpB","E",1,"annual","Hemiptera:Auchenorrhyncha","Cicadellidae","Hemiptera:Auchenorrhyncha_Cicadellidae","adult","collected",3
2014,8,"SpB","E",1,"annual","Hemiptera:Auchenorrhyncha","Cicadellidae","Hemiptera:Auchenorrhyncha_Cicadellidae","nymph","collected",2
2014,8,"SpB","E",2,"annual","Orthoptera","Acrididae","Orthoptera_Acrididae","adult","observed",3
2014,8,"SpB","E",2,"annual","Araneae","Linyphiidae","Araneae_Linyphiidae","adult","collected",3
2014,8,"SpB","E",2,"annual","Hemiptera:Heteroptera","Miridae","Hemiptera:Heteroptera_Miridae","nymph","collected",1
2014,8,"SpB","E",2,"annual","Thysanoptera","Thripidae","Thysanoptera_Thripidae","adult","collected",8
2014,8,"SpB","E",2,"annual","Hemiptera:Auchenorrhyncha","Cicadellidae","Hemiptera:Auchenorrhyncha_Cicadellidae","nymph","collected",4
2014,8,"SpB","E",3,"annual","Orthoptera","Acrididae","Orthoptera_Acrididae","adult","observed",5
2014,8,"SpB","E",3,"annual","Hemiptera:Auchenorrhyncha","Cicadellidae","Hemiptera:Auchenorrhyncha_Cicadellidae","nymph","collected",1
2014,8,"SpB","E",3,"annual","Hemiptera:Auchenorrhyncha","Cicadellidae","Hemiptera:Auchenorrhyncha_Cicadellidae","adult","collected",2
2014,8,"SpB","E",3,"annual","Araneae","Philodromidae","Araneae_Philodromidae","adult","collected",1
2014,8,"SpB","E",3,"annual","Araneae","Linyphiidae","Araneae_Linyphiidae","adult","collected",10
2014,8,"SpB","E",3,"annual","Thysanoptera","Thripidae","Thysanoptera_Thripidae","adult","collected",41
2014,8,"SpB","E",3,"annual","Araneae","Araneidae","Araneae_Araneidae","adult","collected",3
2014,8,"SpB","E",3,"annual","Coleoptera","Chrysomelidae","Coleoptera_Chrysomelidae","adult","collected",1
2014,8,"SpB","E",3,"annual","Hymenoptera","Braconidae","Hymenoptera_Braconidae","adult","collected",1
2014,8,"SpB","E",3,"annual","Hymenoptera","Eulophidae","Hymenoptera_Eulophidae","adult","collected",1
2014,8,"SpB","E",4,"annual","Orthoptera","Acrididae","Orthoptera_Acrididae","adult","observed",2
2014,8,"SpB","E",4,"annual","Hemiptera:Heteroptera","Miridae","Hemiptera:Heteroptera_Miridae","nymph","collected",16
2014,8,"SpB","E",4,"annual","Hemiptera:Auchenorrhyncha","Cicadellidae","Hemiptera:Auchenorrhyncha_Cicadellidae","nymph","collected",3
2014,8,"SpB","E",4,"annual","Hemiptera:Auchenorrhyncha","Cicadellidae","Hemiptera:Auchenorrhyncha_Cicadellidae","adult","collected",3
2014,8,"SpB","E",4,"annual","Hymenoptera","Formicidae","Hymenoptera_Formicidae","adult","collected",1
2014,8,"SpB","E",4,"annual","Araneae","Salticidae","Araneae_Salticidae","adult","collected",2
2014,8,"SpB","E",4,"annual","Araneae","Philodromidae","Araneae_Philodromidae","adult","collected",2
2014,8,"SpB","E",4,"annual","Araneae","Linyphiidae","Araneae_Linyphiidae","adult","collected",2
2014,8,"SpB","E",5,"annual","Orthoptera","Acrididae","Orthoptera_Acrididae","adult","observed",3
2014,8,"SpB","E",5,"annual","Orthoptera","Acrididae","Orthoptera_Acrididae","adult","collected",1
2014,8,"SpB","E",5,"annual","Hemiptera:Heteroptera","Miridae","Hemiptera:Heteroptera_Miridae","nymph","collected",2
2014,8,"SpB","E",5,"annual","Diptera","Chloropidae","Diptera_Chloropidae","adult","collected",1
2014,8,"SpB","E",5,"annual","Thysanoptera","Thripidae","Thysanoptera_Thripidae","adult","collected",8
2014,8,"SpB","E",5,"annual","Hemiptera:Auchenorrhyncha","Cicadellidae","Hemiptera:Auchenorrhyncha_Cicadellidae","nymph","collected",1
2014,8,"SpB","E",5,"annual","Araneae","Linyphiidae","Araneae_Linyphiidae","adult","collected",12
2014,8,"SpB","E",5,"annual","Araneae","Salticidae","Araneae_Salticidae","adult","collected",1
2014,8,"SpB","E",6,"annual","Orthoptera","Acrididae","Orthoptera_Acrididae","adult","observed",2
2014,8,"SpB","E",6,"annual","Hemiptera:Auchenorrhyncha","Cicadellidae","Hemiptera:Auchenorrhyncha_Cicadellidae","nymph","collected",1
2014,8,"SpB","E",6,"annual","Hemiptera:Auchenorrhyncha","Cicadellidae","Hemiptera:Auchenorrhyncha_Cicadellidae","adult","collected",3
2014,8,"SpB","E",6,"annual","Araneae","Araneidae","Araneae_Araneidae","adult","collected",2
2014,8,"SpB","E",6,"annual","Araneae","Linyphiidae","Araneae_Linyphiidae","adult","collected",1
2014,8,"SpB","E",6,"annual","Coleoptera","Chrysomelidae","Coleoptera_Chrysomelidae","adult","collected",1
2014,8,"SpB","E",6,"annual","Hymenoptera","Braconidae","Hymenoptera_Braconidae","adult","collected",1
2014,8,"SpB","F",1,"annual","Araneae","Araneidae","Araneae_Araneidae","adult","collected",2
2014,8,"SpB","F",1,"annual","Araneae","Salticidae","Araneae_Salticidae","adult","collected",2
2014,8,"SpB","F",1,"annual","Araneae","Philodromidae","Araneae_Philodromidae","adult","collected",1
2014,8,"SpB","F",1,"annual","Araneae","Lycosidae","Araneae_Lycosidae","adult","collected",1
2014,8,"SpB","F",1,"annual","Araneae","Linyphiidae","Araneae_Linyphiidae","adult","collected",1
2014,8,"SpB","F",1,"annual","Lepidoptera","Crambidae","Lepidoptera_Crambidae","adult","collected",1
2014,8,"SpB","F",1,"annual","Orthoptera","Acrididae","Orthoptera_Acrididae","adult","observed",2
2014,8,"SpB","F",1,"annual","Thysanoptera","Thripidae","Thysanoptera_Thripidae","adult","collected",40
2014,8,"SpB","F",1,"annual","Hemiptera:Auchenorrhyncha","Cicadellidae","Hemiptera:Auchenorrhyncha_Cicadellidae","nymph","collected",15
2014,8,"SpB","F",1,"annual","Hemiptera:Auchenorrhyncha","Cicadellidae","Hemiptera:Auchenorrhyncha_Cicadellidae","adult","collected",2
2014,8,"SpB","F",1,"annual","Hemiptera:Heteroptera","Miridae","Hemiptera:Heteroptera_Miridae","nymph","collected",4
2014,8,"SpB","F",1,"annual","Acari","Acari","Acari_Acari","adult","collected",1
2014,8,"SpB","F",1,"annual","Diptera","Cecidomyiidae","Diptera_Cecidomyiidae","adult","collected",1
2014,8,"SpB","F",2,"annual","Orthoptera","Acrididae","Orthoptera_Acrididae","adult","observed",4
2014,8,"SpB","F",2,"annual","Hymenoptera","Eupelmidae","Hymenoptera_Eupelmidae","adult","collected",1
2014,8,"SpB","F",2,"annual","Lepidoptera","Crambidae","Lepidoptera_Crambidae","adult","collected",1
2014,8,"SpB","F",2,"annual","Hymenoptera","Braconidae","Hymenoptera_Braconidae","adult","collected",1
2014,8,"SpB","F",2,"annual","Araneae","Linyphiidae","Araneae_Linyphiidae","adult","collected",5
2014,8,"SpB","F",2,"annual","Thysanoptera","Thripidae","Thysanoptera_Thripidae","adult","collected",11
2014,8,"SpB","F",2,"annual","Hemiptera:Auchenorrhyncha","Cicadellidae","Hemiptera:Auchenorrhyncha_Cicadellidae","nymph","collected",2
2014,8,"SpB","F",3,"annual","Orthoptera","Acrididae","Orthoptera_Acrididae","adult","observed",5
2014,8,"SpB","F",3,"annual","Hymenoptera","Formicidae","Hymenoptera_Formicidae","adult","collected",6
2014,8,"SpB","F",3,"annual","Hemiptera:Heteroptera","Miridae","Hemiptera:Heteroptera_Miridae","nymph","collected",7
2014,8,"SpB","F",3,"annual","Hemiptera:Auchenorrhyncha","Cicadellidae","Hemiptera:Auchenorrhyncha_Cicadellidae","adult","collected",1
2014,8,"SpB","F",3,"annual","Hemiptera:Auchenorrhyncha","Cicadellidae","Hemiptera:Auchenorrhyncha_Cicadellidae","nymph","collected",1
2014,8,"SpB","F",3,"annual","Coleoptera","Chrysomelidae","Coleoptera_Chrysomelidae","adult","collected",1
2014,8,"SpB","F",3,"annual","Araneae","Linyphiidae","Araneae_Linyphiidae","adult","collected",2
2014,8,"SpB","F",3,"annual","Araneae","Philodromidae","Araneae_Philodromidae","adult","collected",1
2014,8,"SpB","F",3,"annual","Thysanoptera","Thripidae","Thysanoptera_Thripidae","adult","collected",22
2014,8,"SpB","F",3,"annual","Acari","Acari","Acari_Acari","adult","collected",1
2014,8,"SpB","F",4,"annual","Orthoptera","Acrididae","Orthoptera_Acrididae","adult","observed",6
2014,8,"SpB","F",4,"annual","Orthoptera","Acrididae","Orthoptera_Acrididae","adult","collected",2
2014,8,"SpB","F",4,"annual","Orthoptera","Gryllidae","Orthoptera_Gryllidae","adult","collected",1
2014,8,"SpB","F",4,"annual","Hemiptera:Heteroptera","Miridae","Hemiptera:Heteroptera_Miridae","nymph","collected",6
2014,8,"SpB","F",4,"annual","Hemiptera:Auchenorrhyncha","Cicadellidae","Hemiptera:Auchenorrhyncha_Cicadellidae","nymph","collected",10
2014,8,"SpB","F",4,"annual","Hemiptera:Auchenorrhyncha","Cicadellidae","Hemiptera:Auchenorrhyncha_Cicadellidae","adult","collected",2
2014,8,"SpB","F",4,"annual","Lepidoptera","Crambidae","Lepidoptera_Crambidae","adult","collected",1
2014,8,"SpB","F",4,"annual","Collembola","Sminthuridae","Collembola_Sminthuridae","adult","collected",1
2014,8,"SpB","F",4,"annual","Araneae","Salticidae","Araneae_Salticidae","adult","collected",2
2014,8,"SpB","F",4,"annual","Araneae","Linyphiidae","Araneae_Linyphiidae","adult","collected",3
2014,8,"SpB","F",4,"annual","Araneae","Philodromidae","Araneae_Philodromidae","adult","collected",1
2014,8,"SpB","F",4,"annual","Araneae","Araneidae","Araneae_Araneidae","adult","collected",1
2014,8,"SpB","F",4,"annual","Hymenoptera","Formicidae","Hymenoptera_Formicidae","adult","collected",4
2014,8,"SpB","F",4,"annual","Thysanoptera","Thripidae","Thysanoptera_Thripidae","adult","collected",4
2014,8,"SpB","F",4,"annual","Diptera","Chloropidae","Diptera_Chloropidae","adult","collected",1
2014,8,"SpB","F",4,"annual","Hymenoptera","Encrytidae","Hymenoptera_Encrytidae","adult","collected",1
2014,8,"SpB","F",4,"annual","Hymenoptera","Eulophidae","Hymenoptera_Eulophidae","adult","collected",1
2014,8,"SpB","F",5,"annual","Orthoptera","Acrididae","Orthoptera_Acrididae","adult","observed",4
2014,8,"SpB","F",5,"annual","Thysanoptera","Thripidae","Thysanoptera_Thripidae","adult","collected",8
2014,8,"SpB","F",5,"annual","Hemiptera:Heteroptera","Miridae","Hemiptera:Heteroptera_Miridae","nymph","collected",2
2014,8,"SpB","F",5,"annual","Coleoptera","Chrysomelidae","Coleoptera_Chrysomelidae","adult","collected",1
2014,8,"SpB","F",5,"annual","Hymenoptera","Mymaridae","Hymenoptera_Mymaridae","adult","collected",1
2014,8,"SpB","F",5,"annual","Hemiptera:Auchenorrhyncha","Cicadellidae","Hemiptera:Auchenorrhyncha_Cicadellidae","nymph","collected",3
2014,8,"SpB","F",5,"annual","Hemiptera:Auchenorrhyncha","Cicadellidae","Hemiptera:Auchenorrhyncha_Cicadellidae","adult","collected",5
2014,8,"SpB","F",5,"annual","Araneae","Araneidae","Araneae_Araneidae","adult","collected",1
2014,8,"SpB","F",5,"annual","Araneae","Linyphiidae","Araneae_Linyphiidae","adult","collected",4
2014,8,"SpB","F",6,"annual","Orthoptera","Acrididae","Orthoptera_Acrididae","adult","observed",1
2014,8,"SpB","F",6,"annual","Orthoptera","Acrididae","Orthoptera_Acrididae","adult","collected",1
2014,8,"SpB","F",6,"annual","Thysanoptera","Thripidae","Thysanoptera_Thripidae","adult","collected",61
2014,8,"SpB","F",6,"annual","Hemiptera:Auchenorrhyncha","Cicadellidae","Hemiptera:Auchenorrhyncha_Cicadellidae","nymph","collected",4
2014,8,"SpB","F",6,"annual","Hemiptera:Heteroptera","Miridae","Hemiptera:Heteroptera_Miridae","nymph","collected",1
2014,8,"SpB","F",6,"annual","Araneae","Linyphiidae","Araneae_Linyphiidae","adult","collected",4
2014,8,"SpB","F",6,"annual","Araneae","Araneidae","Araneae_Araneidae","adult","collected",2
2014,8,"SpB","F",6,"annual","Hymenoptera","Formicidae","Hymenoptera_Formicidae","adult","collected",5
2014,8,"SpB","F",6,"annual","Diptera","Chloropidae","Diptera_Chloropidae","adult","collected",2
2014,8,"SpB","F",6,"annual","Diptera","Cecidomyiidae","Diptera_Cecidomyiidae","adult","collected",1
2019,8,"20C","C",4,"unburned","Hemiptera","Cicadellidae","Hemiptera_Cicadellidae","Adult","collected",2
2019,8,"20C","C",4,"unburned","Hemiptera","Cicadellidae","Hemiptera_Cicadellidae","Nymph","collected",3
2019,8,"20C","C",4,"unburned","Araneae","Thomisidae","Araneae_Thomisidae","Adult","collected",2
2019,8,"20C","C",4,"unburned","Hymenoptera","Braconidae","Hymenoptera_Braconidae","Adult","collected",2
2019,8,"20C","C",4,"unburned","Coleoptera","Byrrhidae","Coleoptera_Byrrhidae","Adult","collected",3
2019,8,"20C","C",4,"unburned","Hymenoptera","Chalcodoidae","Hymenoptera_Chalcodoidae","Adult","collected",1
2019,8,"20C","C",4,"unburned","Hemiptera","Caliscelidae","Hemiptera_Cicadellidae","Nymph","collected",1
2019,8,"20C","C",4,"unburned","Diptera","Rhagonidae","Diptera_Rhagonidae","Adult","collected",1
2019,8,"20C","C",4,"unburned","Araneae","Thomisidae","Araneae_Thomisidae","Adult","collected",2
2019,8,"20C","C",6,"unburned","Hemiptera","Membracidae","Hemiptera_Membracidae","Nymph","collected",2
2019,8,"20C","C",6,"unburned","Lepidoptera","Unknown","Lepidoptera_Unknown","Nymph","collected",1
2019,8,"20C","C",6,"unburned","Coleoptera","Byrrhidae","Coleoptera_Byrrhidae","Adult","collected",5
2019,8,"20C","C",6,"unburned","Hymenoptera","Formicidae","Hymenoptera_Formicidae","Adult","collected",2
2019,8,"20C","C",6,"unburned","Hemiptera","Cicadellidae","Hemiptera_Cicadellidae","Adult","collected",1
2019,8,"20C","C",6,"unburned","Hemiptera","Reduviidae","Hemiptera_Reduviidae","Adult","collected",1
2019,8,"20C","C",2,"unburned","Hemiptera","Caliscelidae","Hemiptera_Caliscelidae","Adult","collected",1
2019,8,"20C","C",2,"unburned","Coleoptera","Chrysomelidae","Coleoptera_Chrysomelidae","Adult","collected",13
2019,8,"20C","C",2,"unburned","Coleoptera","Colydiinae","Coleoptera_Colydiinae","Adult","collected",1
2019,8,"20C","C",2,"unburned","Orthoptera","Acrididae","Orthoptera_Acrididae","Adult","collected",1
2019,8,"20C","C",2,"unburned","Araneae","Lycosidae","Araneae_Lycosidae","Adult","collected",1
2019,8,"20C","C",2,"unburned","Araneae","Thomisidae","Araneae_Thomisidae","Adult","collected",1
2019,8,"20C","C",2,"unburned","Araneae","Salticidae","Araneae_Salticidae","Adult","collected",5
2019,8,"20C","C",2,"unburned","Hemiptera","Cicadellidae","Hemiptera_Cicadellidae","Adult","collected",2
2019,8,"20C","C",6,"unburned","Hymenoptera","Formicidae","Hymenoptera_Formicidae","Adult","collected",1
2019,8,"20C","B ",4,"unburned","Orthoptera","Acrididae","Orthoptera_Acrididae","Adult","collected",1
2019,8,"20C","B",4,"unburned","Hemiptera","Cicadellidae","Hemiptera_Cicadellidae","Adult","collected",3
2019,8,"20C","B",4,"unburned","Coleoptera","Chrysomelidae","Coleoptera_Chrysomelidae","Adult","collected",2
2019,8,"20C","B",4,"unburned","Hemiptera","Unknown","Hemiptera_Unknown","Adult","collected",1
2019,8,"20C","B",4,"unburned","Araneae","Thomisidae","Araneae_Thomisidae","Adult","collected",1
2019,8,"20C","B",4,"unburned","Hymenoptera","Braconidae","Hymenoptera_Braconidae","Adult","collected",1
2019,8,"20C","C",1,"unburned","Coleoptera","Chrysomelidae","Coleoptera_Chrysomelidae","Adult","collected",8
2019,8,"20C","C",1,"unburned","Araneae","Salticidae","Araneae_Salticidae","Adult","collected",2
2019,8,"20C","C",1,"unburned","Araneae","Salticidae","Araneae_Salticidae","Adult","collected",1
2019,8,"20C","C",1,"unburned","Hemiptera","Cicadellidae","Hemiptera_Cicadellidae","Adult","collected",5
2019,8,"20C","C",1,"unburned","Hemiptera","Caliscelidae","Hemiptera_Caliscelidae","Adult","collected",1
2019,8,"20C","C",1,"unburned","Hemiptera","Reduviidae","Hemiptera_Reduviidae","Adult","collected",1
2019,8,"20C","C",1,"unburned","Neuroptera","Hemerobiidae","Neuroptera_Hemerobiidae","Adult","collected",1
2019,8,"20C","C",1,"unburned","Hymenoptera","Braconidae","Hymenoptera_Braconidae","Adult","collected",1
2019,8,"20C","C",1,"unburned","Hemiptera","Tingidae","Hemiptera_Tingidae","Adult","collected",1
2019,8,"20C","B",6,"unburned","Coleoptera","Curculionidae","Coleoptera_Curculionidae","Adult","collected",1
2019,8,"20C","B",6,"unburned","Coleoptera","Byrrhidae","Coleoptera_Byrrhidae","Adult","collected",3
2019,8,"20C","B",6,"unburned","Hemiptera","Cicadellidae","Hemiptera_Cicadellidae","Adult","collected",1
2019,8,"20C","B",6,"unburned","Hemiptera","Aphididae","Hemiptera_Aphididae","Nymph","collected",4
2019,8,"20C","B",6,"unburned","Orthoptera","Acrididae","Orthoptera_Acrididae","Adult","observed",1
2019,8,"20C","B",6,"unburned","Hemiptera","Reduviidae","Hemiptera_Reduviidae","Nymph","collected",1
2019,8,"20C","B",6,"unburned","Hemiptera","Cicadellidae","Hemiptera_Cicadellidae","Adult","collected",1
2019,8,"20C","B",6,"unburned","Hemiptera","Aphididae","Hemiptera_Aphididae","Nymph","collected",4
2019,8,"20C","B",6,"unburned","Hymenoptera","Formicidae","Hymenoptera_Formicidae","Adult","collected",1
2019,8,"20C","B",5,"unburned","Hemiptera","Cicadellidae","Hemiptera_Cicadellidae","Adult","collected",2
2019,8,"20C","B",5,"unburned","Araneae","Araneidae","Araneae_Araneidae","Adult","collected",1
2019,8,"20C","B",5,"unburned","Lepidoptera","Unknown","Lepidoptera_Unknown","Nymph","collected",1
2019,8,"20C","B",5,"unburned","Coleoptera","Byrrhidae","Coleoptera_Byrrhidae","Adult","collected",1
2019,8,"20C","B",5,"unburned","Hemiptera","Cicadellidae","Hemiptera_Cicadellidae","Adult","collected",3
2019,8,"20C","B",5,"unburned","Hemiptera","Reduviidae","Hemiptera_Reduviidae","Nymph","collected",1
2019,8,"20C","B",5,"unburned","Coleoptera","Chrysomelidae","Coleoptera_Chrysomelidae","Adult","collected",2
2019,8,"20C","B",5,"unburned","Araneae","Salticidae","Araneae_Salticidae","Adult","collected",1
2019,8,"20C","B",5,"unburned","Lepidoptera","Geometridae","Lepidoptera_Geometridae","Adult","collected",1
2019,8,"20C","B",5,"unburned","Lepidoptera","Erebidae","Lepidoptera_Erebidae","Nymph","collected",1
2019,8,"20C","B",1,"unburned","Orthoptera","Acrididae","Orthoptera_Acrididae","Adult","observed",1
2019,8,"20C","B",1,"unburned","Orthoptera","Acrididae","Orthoptera_Acrididae","Adult","collected",1
2019,8,"20C","B",1,"unburned","Hemiptera","Reduviidae","Hemiptera_Reduviidae","Nymph","collected",2
2019,8,"20C","B",1,"unburned","Coleoptera","Chrysomelidae","Coleoptera_Chrysomelidae","Adult","collected",5
2019,8,"20C","B",1,"unburned","Hemiptera","Cicadellidae","Hemiptera_Cicadellidae","Adult","collected",2
2019,8,"20C","B",1,"unburned","Hemiptera","Caliscelidae","Hemiptera_Caliscelidae","Nymph","collected",2
2019,8,"20C","B",1,"unburned","Araneae","Salticidae","Araneae_Salticidae","Adult","collected",2
2019,8,"20C","B",1,"unburned","Hemiptera","Aphididae","Hemiptera_Aphididae","Adult","collected",15
2019,8,"20C","B",1,"unburned","Araneae","Thomisidae","Araneae_Thomisidae","Adult","collected",2
2019,8,"20C","B",1,"unburned","Hymenoptera","Platygastridae","Hymenoptera_Platygastridae","Adult","collected",4
2019,8,"20C","B",1,"unburned","Hemiptera","Mesoveliidae","Hemiptera_Mesoveliidae","Adult","collected",6
2019,8,"20C","B",1,"unburned","Thysanoptera","Thripidae","Thysanoptera_Thripidae","Adult","collected",1
2019,8,"20C","B",1,"unburned","Hymenoptera","Braconidae","Hymenoptera_Braconidae","Adult","collected",1
2019,8,"20C","B",1,"unburned","Diptera","Tachinidae","Diptera_Tachinidae","Adult","collected",3
2019,8,"20C","B",1,"unburned","Hymenoptera","Chrysididae","Hymenoptera_Chrysididae","Adult","collected",1
2019,8,"20C","B",1,"unburned","Hymenoptera","Pipunculidae","Hymenoptera_Pipunculidae","Adult","collected",1
2019,8,"20C","B",3,"unburned","Orthoptera","Tettigoniidae","Orthoptera_Tettigoniidae","Adult","collected",1
2019,8,"20C","B",3,"unburned","Hemiptera","Cicadellidae","Hemiptera_Cicadellidae","Adult","collected",5
2019,8,"20C","B",3,"unburned","Coleoptera","Byrrhidae","Coleoptera_Byrrhidae","Adult","collected",3
2019,8,"20C","B",3,"unburned","Hymenoptera","Formicidae","Hymenoptera_Formicidae","Adult","collected",1
2019,8,"20C","B",3,"unburned","Hemiptera","Cicadellidae","Hemiptera_Cicadellidae","Nymph","collected",1
2019,8,"20C","B",3,"unburned","Thysanoptera","Thripidae","Thysanoptera_Thripidae","Adult","collected",1
2019,8,"20C","B",3,"unburned","Hemiptera","Lygaeidae","Hemiptera_Lygaeidae","Adult","collected",1
2019,8,"20C","B",3,"unburned","Hemiptera","Pleidae","Hemiptera_Pleidae","Adult","collected",1
2019,8,"20C","B",3,"unburned","Hemiptera","Aphididae","Hemiptera_Aphididae","Adult","collected",109
2019,8,"20C","B",3,"unburned","Hemiptera","Mesoveliidae","Hemiptera_Mesoveliidae","Adult","collected",2
2019,8,"20C","B",3,"unburned","Coleoptera","Chrysomelidae","Coleoptera_Chrysomelidae","Adult","collected",1
2019,8,"20C","B",3,"unburned","Araneae","Thomisidae","Araneae_Thomisidae","Adult","collected",4
2019,8,"20C","B",3,"unburned","Hymenoptera","Eurytomidae","Hymenoptera_Eurytomidae","Adult","collected",1
2019,8,"20C","A",2,"unburned","Hemiptera","Cicadellidae","Hemiptera_Cicadellidae","Adult","collected",6
2019,8,"20C","A",2,"unburned","Hemiptera","Caliscelidae","Hemiptera_Caliscelidae","Adult","collected",2
2019,8,"20C","A",2,"unburned","Araneae","Salticidae","Araneae_Salticidae","Adult","collected",1
2019,8,"20C","A",2,"unburned","Hymenoptera","Formicidae","Hymenoptera_Formicidae","Adult","collected",10
2019,8,"20C","A",2,"unburned","Lepidoptera","Unknown","Lepidoptera_Unknown","Nymph","collected",1
2019,8,"20C","A",2,"unburned","Thysanoptera","Thripidae","Thysanoptera_Thripidae","Adult","collected",4
2019,8,"20C","A",2,"unburned","Hemiptera","Cicadellidae","Hemiptera_Cicadellidae","Adult","collected",1
2019,8,"20C","A",2,"unburned","Hymenoptera","Formicidae","Hymenoptera_Formicidae","Adult","collected",3
2019,8,"20C","A",2,"unburned","Araneae","Thomisidae","Araneae_Thomisidae","Adult","collected",1
2019,8,"20C","A",2,"unburned","Hemiptera","Aphididae","Hemiptera_Aphididae","Adult","collected",3
2019,8,"20C","A",2,"unburned","Diptera","Chloropidae","Diptera_Chloropidae","Adult","collected",4
2019,8,"20C","A",2,"unburned","Coleoptera","Curculionidae","Coleoptera_Curculionidae","Adult","collected",1
2019,8,"20C","A",2,"unburned","Mantodea","Mantidae","Mantodea_Mantidae","Adult","collected",1
2019,8,"20C","A",2,"unburned","Coleoptera","Mordellidae","Coleoptera_Mordellidae","Adult","collected",1
2019,8,"20C","A",2,"unburned","Hymenoptera","Dryinidae","Hymenoptera_Dryinidae","Adult","collected",1
2019,8,"20C","A",2,"unburned","Thysanoptera","Thripidae","Thysanoptera_Thripidae","Adult","collected",1
2019,8,"20C","A",2,"unburned","Coleoptera","Chrysomelidae","Coleoptera_Chrysomelidae","Adult","collected",1
2019,8,"20C","A",2,"unburned","Hemiptera","Cicadellidae","Hemiptera_Cicadellidae","Nymph","collected",1
2019,8,"20C","A",3,"unburned","Hemiptera","Aphididae","Hemiptera_Aphididae","Adult","collected",5
2019,8,"20C","A",3,"unburned","Hemiptera","Mesoveliidae","Hemiptera_Mesoveliidae","Adult","collected",1
2019,8,"20C","A",3,"unburned","Hemiptera","Caliscelidae","Hemiptera_Caliscelidae","Nymph","collected",1
2019,8,"20C","A",3,"unburned","Hemiptera","Caliscelidae","Hemiptera_Caliscelidae","Adult","collected",2
2019,8,"20C","A",3,"unburned","Araneae","Thomisidae","Araneae_Thomisidae","Adult","collected",1
2019,8,"20C","A",3,"unburned","Coleoptera","Chrysomelidae","Coleoptera_Chrysomelidae","Adult","collected",1
2019,8,"20C","A",3,"unburned","Hemiptera","Reduviidae","Hemiptera_Reduviidae","Nymph","collected",2
2019,8,"20C","A",3,"unburned","Araneae","Salticidae","Araneae_Salticidae","Adult","collected",1
2019,8,"20C","A",3,"unburned","Diptera","Chloropidae","Diptera_Chloropidae","Adult","collected",1
2019,8,"20C","A",3,"unburned","Thysanoptera","Thripidae","Thysanoptera_Thripidae","Adult","collected",1
2019,8,"20C","A",3,"unburned","Hemiptera","Aphididae","Hemiptera_Aphididae","Adult","collected",1
2019,8,"20C","A",3,"unburned","Coleoptera","Curculionidae","Coleoptera_Curculionidae","Adult","collected",1
2019,8,"20C","A",3,"unburned","Hemiptera","Cicadellidae","Hemiptera_Cicadellidae","Adult","collected",3
2019,8,"20C","A",3,"unburned","Coleoptera","Curculionidae","Coleoptera_Curculionidae","Adult","collected",1
2019,8,"20C","A",3,"unburned","Hemiptera","Cicadellidae","Hemiptera_Cicadellidae","Nymph","collected",1
2019,8,"20C","A",3,"unburned","Araneae","Araneidae","Araneae_Araneidae","Adult","collected",1
2019,8,"20C","A",6,"unburned","Hemiptera","Cicadellidae","Hemiptera_Cicadellidae","Adult","collected",15
2019,8,"20C","A",6,"unburned","Hemiptera","Caliscelidae","Hemiptera_Caliscelidae","Adult","collected",7
2019,8,"20C","A",6,"unburned","Hemiptera","Caliscelidae","Hemiptera_Caliscelidae","Nymph","collected",1
2019,8,"20C","A",6,"unburned","Araneae","Thomisidae","Araneae_Thomisidae","Adult","collected",2
2019,8,"20C","A",6,"unburned","Araneae","Salticidae","Araneae_Salticidae","Adult","collected",4
2019,8,"20C","A",6,"unburned","Araneae","Lycosidae","Araneae_Lycosidae","Adult","collected",1
2019,8,"20C","A",6,"unburned","Orthoptera","Acrididae","Orthoptera_Acrididae","Adult","collected",1
2019,8,"20C","A",6,"unburned","Coleoptera","Chrysomelidae","Coleoptera_Chrysomelidae","Adult","collected",3
2019,8,"20C","A",6,"unburned","Hymenoptera","Platygastridae","Hymenoptera_Platygastridae","Adult","collected",3
2019,8,"20C","A",6,"unburned","Thysanoptera","Thripidae","Thysanoptera_Thripidae","Adult","collected",4
2019,8,"20C","A",6,"unburned","Hemiptera","Tingidae","Hemiptera_Tingidae","Adult","collected",1
2019,8,"20C","A",6,"unburned","Hemiptera","Aphididae","Hemiptera_Aphididae","Adult","collected",4
2019,8,"20C","A",6,"unburned","Hymenoptera","Pergidae","Hymenoptera_Pergidae","Adult","collected",1
2019,8,"20C","A",6,"unburned","Araneae","Unknown","Araneae_Unknown","Adult","collected",1
2019,8,"20C","A",6,"unburned","Hemiptera","Cicadellidae","Hemiptera_Cicadellidae","Nymph","collected",3
2019,8,"20C","A",6,"unburned","Hemiptera","Pleidae","Hemiptera_Pleidae","Adult","collected",1
2019,8,"20C","A",6,"unburned","Hymenoptera","Braconidae","Hymenoptera_Braconidae","Adult","collected",1
2019,8,"20C","A",6,"unburned","Araneae","Oribatida","Araneae_Oribatida","Adult","collected",2
2019,8,"20C","A",1,"unburned","Araneae","Thomisidae","Araneae_Thomisidae","Adult","collected",1
2019,8,"20C","A",1,"unburned","Araneae","Salticidae","Araneae_Salticidae","Adult","collected",2
2019,8,"20C","A",1,"unburned","Hemiptera","Caliscelidae","Hemiptera_Caliscelidae","Adult","collected",5
2019,8,"20C","A",1,"unburned","Hemiptera","Cicadellidae","Hemiptera_Cicadellidae","Adult","collected",9
2019,8,"20C","A",1,"unburned","Hemiptera","Aphididae","Hemiptera_Aphididae","Adult","collected",5
2019,8,"20C","A",1,"unburned","Orthoptera","Acrididae","Orthoptera_Acrididae","Adult","observed",1
2019,8,"20C","A",1,"unburned","Araneae","Thomisidae","Araneae_Thomisidae","Adult","collected",2
2019,8,"20C","A",1,"unburned","Hymenoptera","Braconidae","Hymenoptera_Braconidae","Adult","collected",3
2019,8,"20C","A",1,"unburned","Hemiptera","Cicadellidae","Hemiptera_Cicadellidae","Nymph","collected",2
2019,8,"20C","A",1,"unburned","Hymenoptera","Formicidae","Hymenoptera_Formicidae","Adult","collected",4
2019,8,"20C","A",1,"unburned","Coleoptera","Chrysomelidae","Coleoptera_Chrysomelidae","Adult","collected",5
2019,8,"20C","A",1,"unburned","Hemiptera","Pentatomidae","Hemiptera_Pentatomidae","Adult","collected",2
2019,8,"20C","A",1,"unburned","Araneae","Thomisidae","Araneae_Thomisidae","Adult","collected",2
2019,8,"20C","A",1,"unburned","Dermaptera","Forficulidae","Dermaptera_Forficulidae","Adult","collected",1
2019,8,"20C","A",1,"unburned","Hemiptera","Dictyophidae","Hemiptera_Dictyopharidae","Adult","collected",1
2019,8,"20C","A",1,"unburned","Araneae","Araneidae","Araneae_Araneidae","Adult","collected",1
2019,8,"20C","A",1,"unburned","Diptera","Unknown","Diptera_Unknown","Adult","collected",4
2019,8,"20C","A",1,"unburned","Araneae","Salticidae","Araneae_Salticidae","Adult","collected",1
2019,8,"20C","A",4,"unburned","Orthoptera","Acrididae","Orthoptera_Acrididae","Adult","observed",1
2019,8,"20C","A",4,"unburned","Orthoptera","Acrididae","Orthoptera_Acrididae","Adult","collected",1
2019,8,"20C","A",4,"unburned","Hemiptera","Cicadellidae","Hemiptera_Cicadellidae","Adult","collected",2
2019,8,"20C","A",4,"unburned","Coleoptera","Curculionidae","Coleoptera_Curculionidae","Adult","collected",1
2019,8,"20C","A",4,"unburned","Coleoptera","Chrysomelidae","Coleoptera_Chrysomelidae","Adult","collected",4
2019,8,"20C","A",4,"unburned","Hemiptera","Caliscelidae","Hemiptera_Caliscelidae","Adult","collected",2
2019,8,"20C","A",4,"unburned","Hymenoptera","Formicidae","Hymenoptera_Formicidae","Adult","collected",2
2019,8,"20C","A",4,"unburned","Hymenoptera","Braconidae","Hymenoptera_Braconidae","Adult","collected",2
2019,8,"20C","A",4,"unburned","Diptera","Simuliidae","Diptera_Simuliidae","Adult","collected",1
2019,8,"1D","C",4,"annual","Orthoptera","Acrididae","Orthoptera_Acrididae","Adult","observed",7
2019,8,"1D","C",4,"annual","Hemiptera","Blissidae","Hemiptera_Blissidae","Adult","collected",4
2019,8,"1D","C",4,"annual","Hemiptera","Delphacidae","Hemiptera_Delphacidae","Adult","collected",3
2019,8,"1D","C",4,"annual","Coleoptera","Chrysomelidae","Coleoptera_Chrysomelidae","Adult","collected",3
2019,8,"1D","C",4,"annual","Hymenoptera","Formicidae","Hymenoptera_Formicidae","Adult","collected",1
2019,8,"1D","C",4,"annual","Araneae","Thomisidae","Araneae_Thomisidae","Adult","collected",1
2019,8,"1D","C",4,"annual","Hemiptera","Cicadellidae","Hemiptera_Cicadellidae","Adult","collected",19
2019,8,"1D","C",4,"annual","Hymenoptera","Pompilidae","Hymenoptera_Pompilidae","Adult","collected",1
2019,8,"1D","C",4,"annual","Diptera","Chloropidae","Diptera_Chloropidae","Adult","collected",1
2019,8,"1D","C",4,"annual","Coleoptera","Coccinellidae","Coleoptera_Coccinellidae","Adult","collected",12
2019,8,"1D","C",1,"annual","Hemiptera","Tingidae","Hemiptera_Tingidae","Adult","collected",2
2019,8,"1D","C",1,"annual","Hemiptera","Cicadellidae","Hemiptera_Cicadellidae","Adult","collected",7
2019,8,"1D","C",1,"annual","Coleoptera","Coccinellidae","Coleoptera_Coccinellidae","Adult","collected",5
2019,8,"1D","C",1,"annual","Araneae","Thomisidae","Araneae_Thomisidae","Adult","collected",1
2019,8,"1D","C",1,"annual","Hymenoptera","Platygastridae","Hymenoptera_Platygastridae","Adult","collected",1
2019,8,"1D","C",1,"annual","Thysanoptera","Thripidae","Thysanoptera_Thripidae","Adult","collected",7
2019,8,"1D","C",1,"annual","Hemiptera","Reduviidae","Hemiptera_Reduviidae","Adult","collected",1
2019,8,"1D","C",1,"annual","Hemiptera","Aphididae","Hemiptera_Aphididae","Adult","collected",45
2019,8,"1D","C",3,"annual","Lepidoptera","Unknown","Lepidoptera_Unknown","Nymph","collected",1
2019,8,"1D","C",3,"annual","Hemiptera","Cicadellidae","Hemiptera_Cicadellidae","Adult","collected",13
2019,8,"1D","C",3,"annual","Hymenoptera","Formicidae","Hymenoptera_Formicidae","Adult","collected",3
2019,8,"1D","C",3,"annual","Araneae","Thomisidae","Araneae_Thomisidae","Adult","collected",2
2019,8,"1D","C",3,"annual","Hymenoptera","Platygastridae","Hymenoptera_Platygastridae","Adult","collected",2
2019,8,"1D","C",3,"annual","Coleoptera","Coccinellidae","Coleoptera_Coccinellidae","Adult","collected",19
2019,8,"1D","C",3,"annual","Coleoptera","Dermestidae","Coleoptera_Dermestidae","Nymph","collected",14
2019,8,"1D","C",3,"annual","Acari","Trombidiidae","Acari_Trombidiidae","Adult","collected",2
2019,8,"1D","C",3,"annual","Thysanoptera","Thripidae","Thysanoptera_Thripidae","Adult","collected",3
2019,8,"1D","C",3,"annual","Hymenoptera","Braconidae","Hymenoptera_Braconidae","Adult","collected",1
2019,8,"1D","C",3,"annual","Hemiptera","Lygaeidae","Hemiptera_Lygaeidae","Adult","collected",2
2019,8,"1D","B",6,"annual","Orthoptera","Acrididae","Orthoptera_Acrididae","Adult","observed",8
2019,8,"1D","B",6,"annual","Hemiptera","Cicadellidae","Hemiptera_Cicadellidae","Adult","collected",5
2019,8,"1D","B",6,"annual","Hemiptera","Cicadellidae","Hemiptera_Cicadellidae","Nymph","collected",2
2019,8,"1D","B",6,"annual","Hemiptera","Aphididae","Hemiptera_Aphididae","Adult","collected",6
2019,8,"1D","B",6,"annual","Hemiptera","Caliscelidae","Hemiptera_Caliscelidae","Adult","collected",6
2019,8,"1D","B",6,"annual","Coleoptera","Coccinellidae","Coleoptera_Coccinellidae","Adult","collected",2
2019,8,"1D","B",6,"annual","Hemiptera","Lygaeidae","Hemiptera_Lygaeidae","Adult","collected",2
2019,8,"1D","B",6,"annual","Hymenoptera","Formicidae","Hymenoptera_Formicidae","Adult","collected",2
2019,8,"1D","B",6,"annual","Araneae","Thomisidae","Araneae_Thomisidae","Adult","collected",1
2019,8,"1D","B",6,"annual","Hemiptera","Tingidae","Hemiptera_Tingidae","Adult","collected",1
2019,8,"1D","B",6,"annual","Hymenoptera","Eurytomidae","Hymenoptera_Formicidae","Adult","collected",1
2019,8,"1D","B",5,"annual","Orthoptera","Acrididae","Orthoptera_Acrididae","Adult","observed",2
2019,8,"1D","B",5,"annual","Hemiptera","Cicadellidae","Hemiptera_Cicadellidae","Adult","collected",3
2019,8,"1D","B",5,"annual","Hymenoptera","Formicidae","Hymenoptera_Formicidae","Adult","collected",1
2019,8,"1D","B",5,"annual","Hemiptera","Aphididae","Hemiptera_Aphididae","Adult","collected",4
2019,8,"1D","B",5,"annual","Coleoptera","Coccinellidae","Coleoptera_Coccinellidae","Adult","collected",5
2019,8,"1D","B",5,"annual","Araneae","Thomisidae","Araneae_Thomisidae","Adult","collected",1
2019,8,"1D","B",5,"annual","Coleoptera","Chrysomelidae","Coleoptera_Chrysomelidae","Nymph","collected",1
2019,8,"1D","B",5,"annual","Hymenoptera","Orussidae","Hymenoptera_Orussidae","Nymph","collected",1
2019,8,"1D","B",5,"annual","Araneae","Thomisidae","Araneae_Thomisidae","Adult","collected",2
2019,8,"1D","B",5,"annual","Hemiptera","Caliscelidae","Hemiptera_Caliscelidae","Adult","collected",3
2019,8,"1D","B",5,"annual","Hemiptera","Lygaeidae","Hemiptera_Lygaeidae","Adult","collected",3
2019,8,"1D","B",5,"annual","Hymenoptera","Chalcodoidea","Hymenoptera_Chalcodoidae","Adult","collected",1
2019,8,"1D","B",5,"annual","Coleoptera","Chrysomelidae","Coleoptera_Chrysomelidae","Nymph","collected",2
2019,8,"1D","B",4,"annual","Orthoptera","Acrididae","Orthoptera_Acrididae","Adult","observed",4
2019,8,"1D","B",4,"annual","Hemiptera","Lygaeidae","Hemiptera_Lygaeidae","Adult","collected",1
2019,8,"1D","B",4,"annual","Hemiptera","Cicadellidae","Hemiptera_Cicadellidae","Adult","collected",30
2019,8,"1D","B",4,"annual","Hemiptera","Caliscelidae","Hemiptera_Caliscelidae","Nymph","collected",3
2019,8,"1D","B",4,"annual","Hemiptera","Caliscelidae","Hemiptera_Caliscelidae","Adult","collected",1
2019,8,"1D","B",4,"annual","Lepidoptera","Unknown","Lepidoptera_Unknown","Nymph","collected",1
2019,8,"1D","B",4,"annual","Hemiptera","Aphididae","Hemiptera_Aphididae","Adult","collected",3
2019,8,"1D","B",4,"annual","Coleoptera","Coccinellidae","Coleoptera_Coccinellidae","Adult","collected",12
2019,8,"1D","B",4,"annual","Hymenoptera","Platygastridae","Hymenoptera_Platygastridae","Adult","collected",2
2019,8,"1D","B",4,"annual","Thysanoptera","Thripidae","Thysanoptera_Thripidae","Adult","collected",1
2019,8,"1D","B",4,"annual","Hymenoptera","Braconidae","Hymenoptera_Braconidae","Adult","collected",1
2019,8,"1D","B",4,"annual","Hymenoptera","Cynipoidae","Hymenoptera_Cynipoidae","Adult","collected",1
2019,8,"1D","B",4,"annual","Hemiptera","Reduviidae","Hemiptera_Reduviidae","Nymph","collected",1
2019,8,"1D","B",4,"annual","Araneae","Thomisidae","Araneae_Thomisidae","Adult","collected",1
2019,8,"1D","B",4,"annual","Diptera","Chloropidae","Diptera_Chloropidae","Adult","collected",3
2019,8,"1D","B",2,"annual","Hemiptera","Cicadellidae","Hemiptera_Cicadellidae","Adult","collected",14
2019,8,"1D","B",2,"annual","Hemiptera","Caliscelidae","Hemiptera_Caliscelidae","Adult","collected",6
2019,8,"1D","B",2,"annual","Hemiptera","Lygaeidae","Hemiptera_Lygaeidae","Adult","collected",2
2019,8,"1D","B",2,"annual","Araneae","Thomisidae","Araneae_Thomisidae","Adult","collected",3
2019,8,"1D","B",2,"annual","Araneae","Salticidae","Araneae_Salticidae","Adult","collected",1
2019,8,"1D","B",2,"annual","Coleoptera","Coccinellidae","Coleoptera_Coccinellidae","Adult","collected",21
2019,8,"1D","B",2,"annual","Thysanoptera","Thripidae","Thysanoptera_Thripidae","Adult","collected",18
2019,8,"1D","B",2,"annual","Coleoptera","Chrysomelidae","Coleoptera_Chrysomelidae","Nymph","collected",11
2019,8,"1D","B",2,"annual","Coleoptera","Curculionidae","Coleoptera_Curculionidae","Adult","collected",1
2019,8,"1D","B",2,"annual","Hymenoptera","Platygastridae","Hymenoptera_Platygastridae","Adult","collected",2
2019,8,"1D","B",2,"annual","Coleoptera","Chrysomelidae","Coleoptera_Chrysomelidae","Adult","collected",1
2019,8,"1D","B",2,"annual","Hymenoptera","Cynipoidae","Hymenoptera_Cynipoidae","Adult","collected",1
2019,8,"1D","B",2,"annual","Araneae","Linyphiidae","Araneae_Linyphiidae","Adult","collected",1
2019,8,"1D","B",2,"annual","Hemiptera","Aphididae","Hemiptera_Aphididae","Adult","collected",5
2019,8,"1D","B",2,"annual","Hemiptera","Culicidae","Hemiptera_Culicidae","Adult","collected",1
2019,8,"1D","A",6,"annual","Orthoptera","Acrididae","Orthoptera_Acrididae","Adult","observed",1
2019,8,"1D","A",6,"annual","Hemiptera","Cicadellidae","Hemiptera_Cicadellidae","Adult","collected",11
2019,8,"1D","A",6,"annual","Hemiptera","Delphacidae","Hemiptera_Delphacidae","Adult","collected",1
2019,8,"1D","A",6,"annual","Diptera","Cecidomyiidae","Diptera_Chloropidae","Adult","collected",2
2019,8,"1D","A",6,"annual","Coleoptera","Chrysomelidae","Coleoptera_Chrysomelidae","Adult","collected",2
2019,8,"1D","A",6,"annual","Hymenoptera","Braconidae","Hymenoptera_Braconidae","Adult","collected",2
2019,8,"1D","A",5,"annual","Orthoptera","Acrididae","Orthoptera_Acrididae","Adult","observed",5
2019,8,"1D","A",5,"annual","Hemiptera","Cicadellidae","Hemiptera_Cicadellidae","Adult","collected",4
2019,8,"1D","A",5,"annual","Hemiptera","Delphacidae","Hemiptera_Delphacidae","Adult","collected",3
2019,8,"1D","A",5,"annual","Hymenoptera","Formicidae","Hymenoptera_Formicidae","Adult","collected",2
2019,8,"1D","A",5,"annual","Lepidoptera","Crambidae","Lepidoptera_crambidae","Adult","collected",1
2019,8,"1D","A",5,"annual","Hemiptera","Caliscelidae","Hemiptera_Caliscelidae","Adult","collected",1
2019,8,"1D","A",5,"annual","Hymenoptera","Unknown","Hymenoptera_Unknown","Adult","collected",1
2019,8,"1D","A",5,"annual","Araneae","Salticidae","Araneae_Salticidae","Adult","collected",1
2019,8,"1D","A",5,"annual","Hemiptera","Aphididae","Hemiptera_Aphididae","Adult","collected",3
2019,8,"1D","A",5,"annual","Coleoptera","Curculionidae","Coleoptera_Curculionidae","Adult","collected",3
2019,8,"1D","A",5,"annual","Hymenoptera","Chrysididae","Hymenoptera_Chrysididae","Adult","collected",1
2019,8,"1D","A",5,"annual","Diptera","Stratiomyidae","Diptera_Stratiomyidae","Adult","collected",1
2019,8,"1D","A",4,"annual","Hemiptera","Tingidae","Hemiptera_Tingidae","Adult","collected",2
2019,8,"1D","A",4,"annual","Araneae","Salticidae","Araneae_Salticidae","Adult","collected",2
2019,8,"1D","A",4,"annual","Orthoptera","Acrididae","Orthoptera_Acrididae","Adult","collected",2
2019,8,"1D","A",4,"annual","Hemiptera","Cicadellidae","Hemiptera_Cicadellidae","Adult","collected",16
2019,8,"1D","A",4,"annual","Hemiptera","Blissidae","Hemiptera_Blissidae","Adult","collected",1
2019,8,"1D","A",4,"annual","Diptera","Cecidomyiidae","Diptera_Cecidomyiidae","Adult","collected",3
2019,8,"1D","A",4,"annual","Coleoptera","Coccinellidae","Coleoptera_Coccinellidae","Adult","collected",8
2019,8,"1D","A",4,"annual","Hemiptera","Cicadellidae","Hemiptera_Cicadellidae","Adult","collected",4
2019,8,"1D","A",4,"annual","Hemiptera","Caliscelidae","Hemiptera_Caliscelidae","Adult","collected",4
2019,8,"1D","A",4,"annual","Araneae","Thomisidae","Araneae_Thomisidae","Adult","collected",1
2019,8,"1D","A",4,"annual","Hymenoptera","Formicidae","Hymenoptera_Formicidae","Adult","collected",1
2019,8,"1D","A",4,"annual","Hymenoptera","Bethylidae","Hemiptera_Bethylidae","Adult","collected",2
2019,8,"1D","A",4,"annual","Hemiptera","Cixiidae","Hemiptera_Cixiidae","Adult","collected",1
2019,8,"1D","A",4,"annual","Coleoptera","Dermestidae","Coleoptera_Dermestidae","Adult","collected",2
2019,8,"1D","A",4,"annual","Hymenoptera","Chrysididae","Hymenoptera_Chrysididae","Adult","collected",1
2019,8,"1D","A",4,"annual","Hemiptera","Aphididae","Hemiptera_Aphididae","Adult","collected",4
2019,8,"1D","A",3,"annual","Orthoptera","Acrididae","Orthoptera_Acrididae","Adult","observed",3
2019,8,"1D","A",3,"annual","Hemiptera","Cicadellidae","Hemiptera_Cicadellidae","Adult","collected",6
2019,8,"1D","A",3,"annual","Hemiptera","Cicadellidae","Hemiptera_Cicadellidae","Nymph","collected",8
2019,8,"1D","A",3,"annual","Hemiptera","Caliscelidae","Hemiptera_Caliscelidae","Nymph","collected",2
2019,8,"1D","A",3,"annual","Hemiptera","Aphididae","Hemiptera_Aphididae","Adult","collected",6
2019,8,"1D","A",3,"annual","Coleoptera","Coccinellidae","Coleoptera_Coccinellidae","Adult","collected",11
2019,8,"1D","A",3,"annual","Coleoptera","Chrysomelidae","Coleoptera_Chrysomelidae","Nymph","collected",13
2019,8,"1D","A",3,"annual","Araneae","Thomisidae","Araneae_Thomisidae","Adult","collected",1
2019,8,"1D","A",3,"annual","Thysanoptera","Thripidae","Thysanoptera_Thripidae","Adult","collected",1
2019,8,"1D","A",1,"annual","Hemiptera","Caliscelidae","Hemiptera_Caliscelidae","Adult","collected",11
2019,8,"1D","A",1,"annual","Hemiptera","Cicadellidae","Hemiptera_Cicadellidae","Adult","collected",16
2019,8,"1D","A",1,"annual","Araneae","Thomisidae","Araneae_Thomisidae","Adult","collected",1
2019,8,"1D","A",1,"annual","Hymenoptera","Formicidae","Hymenoptera_Formicidae","Adult","collected",2
2019,8,"1D","A",1,"annual","Coleoptera","Chrysomelidae","Coleoptera_Chrysomelidae","Adult","collected",1
2019,8,"1D","A",1,"annual","Diptera","Tephritidae","Diptera_Tephritidae","Adult","collected",8
2019,8,"1D","A",1,"annual","Hymenoptera","Chloropidae","Hymenoptera_Cholorpidae","Adult","collected",1
2019,8,"1D","A",1,"annual","Hymenoptera","Platygastridae","Hymenoptera_Platygastridae","Adult","collected",2
2019,8,"1D","A",1,"annual","Thysanoptera","Thripidae","Thysanoptera_Thripidae","Adult","collected",7
2019,8,"1D","A",1,"annual","Araneae","Lycosidae","Araneae_Lyscosidae","Adult","collected",1
2019,8,"1D","A",1,"annual","Acari","Trombiculidae","Acari_Trombiculidae","Adult","collected",6
2019,8,"1D","A",1,"annual","Coleoptera","Coccinellidae","Coleoptera_Coccinellidae","Adult","collected",28
2019,8,"1D","A",1,"annual","Coleoptera","Chrysomelidae","Coleoptera_Chrysomelidae","Nymph","collected",26
2019,8,"1D","A",2,"annual","Orthoptera","Acrididae","Orthoptera_Acrididae","Adult","observed",1
2019,8,"1D","A",2,"annual","Hemiptera","Dictyopharidae","Hemiptera_Dictyopharidae","Adult","collected",1
2019,8,"1D","A",2,"annual","Coleoptera","Chrysomelidae","Coleoptera_Chrysomelidae","Adult","collected",2
2019,8,"1D","A",2,"annual","Hemiptera","Cicadellidae","Hemiptera_Cicadellidae","Adult","collected",12
2019,8,"1D","A",2,"annual","Coleoptera","Coccinellidae","Coleoptera_Coccinellidae","Adult","collected",11
2019,8,"1D","A",2,"annual","Thysanoptera","Thripidae","Thysanoptera_Thripidae","Adult","collected",12
2019,8,"1D","A",2,"annual","Araneae","Salticidae","Araneae_Salticidae","Adult","collected",1
2019,8,"1D","A",2,"annual","Hemiptera","Aphididae","Hemiptera_Aphididae","Adult","collected",5
2019,8,"1D","A",2,"annual","Coleoptera","Chrysomelidae","Coleoptera_Chrysomelidae","Nymph","collected",18
2019,8,"1D","A",2,"annual","Acari","Trombiculidae","Acari_Trombiculidae","Adult","collected",3
2019,8,"1D","A",2,"annual","Hymenoptera","Platygastridae","Hymenoptera_Platygastridae","Adult","collected",2
2019,8,"1D","A",2,"annual","Hymenoptera","Formicidae","Hymenoptera_Formicidae","Adult","collected",1
2019,8,"SpB","F",4,"annual","Orthoptera","Acrididae","Orthoptera_Acrididae","Adult","observed",15
2019,8,"SpB","F",4,"annual","Hemiptera","Cicadellidae","Hemiptera_Cicadellidae","Adult","collected",18
2019,8,"SpB","F",4,"annual","Coleoptera","Chrysomelidae","Coleoptera_Chrysomelidae","Adult","collected",3
2019,8,"SpB","F",4,"annual","Hymenoptera","Formicidae","Hymenoptera_Formicidae","Adult","collected",5
2019,8,"SpB","F",4,"annual","Araneae","Thomisidae","Araneae_Thomisidae","Adult","collected",1
2019,8,"SpB","F",4,"annual","Thysanoptera","Thripidae","Thysanoptera_Thripidae","Adult","collected",4
2019,8,"SpB","F",4,"annual","Diptera","Stratiomyidae","Diptera_Stratiomyidae","Adult","collected",1
2019,8,"SpB","F",4,"annual","Coleoptera","Coccinellidae","Coleoptera_Coccinellidae","Adult","collected",9
2019,8,"SpB","F",4,"annual","Coleoptera","Chrysomelidae","Coleoptera_Chrysomelidae","Nymph","collected",40
2019,8,"SpB","F",4,"annual","Thysanoptera","Thripidae","Thysanoptera_Thripidae","Adult","collected",7
2019,8,"SpB","F",4,"annual","Acari","Trombiculidae","Acari_Trombiculidae","Adult","collected",2
2019,8,"SpB","F",4,"annual","Hemiptera","Aphididae","Hemiptera_Aphididae","Adult","collected",3
2019,8,"SpB","F",4,"annual","Hymenoptera","Platygastridae","Hymenoptera_Platygastridae","Adult","collected",7
2019,8,"SpB","F",4,"annual","Hemiptera","Caliscelidae","Hemiptera_Caliscelidae","Adult","collected",2
2019,8,"SpB","F",4,"annual","Hemiptera","Lygaeidae","Hemiptera_Lygaeidae","Adult","collected",3
2019,8,"SpB","F",4,"annual","Hemiptera","Mesoveliidae","Hemiptera_Mesoveliidae","Adult","collected",1
2019,8,"SpB","F",4,"annual","Diptera","Tephritidae","Diptera_Tephritidae","Adult","collected",4
2019,8,"SpB","F",4,"annual","Hymenoptera","Bethylidae","Hymenoptera_Bethylidae","Adult","collected",1
2019,8,"SpB","F",4,"annual","Hymenoptera","Braconidae","Hymenoptera_Braconidae","Adult","collected",2
2019,8,"SpB","F",4,"annual","Hymenoptera","Cephidae","Hymenoptera_Cephidae","Adult","collected",1
2019,8,"SpB","E",3,"annual","Hemiptera","Reduviidae","Hemiptera_Reduviidae","Nymph","collected",1
2019,8,"SpB","E",3,"annual","Hemiptera","Cicadellidae","Hemiptera_Cicadellidae","Adult","collected",12
2019,8,"SpB","E",3,"annual","Araneae","Thomisidae","Araneae_Thomisidae","Adult","collected",4
2019,8,"SpB","E",3,"annual","Orthoptera","Acrididae","Orthoptera_Acrididae","Adult","observed",2
2019,8,"SpB","E",3,"annual","Orthoptera","Acrididae","Orthoptera_Acrididae","Adult","collected",2
2019,8,"SpB","E",3,"annual","Coleoptera","Byrrhidae","Coleoptera_Byrrhidae","Adult","collected",6
2019,8,"SpB","E",3,"annual","Coleoptera","Chrysomelidae","Coleoptera_Chrysomelidae","Nymph","collected",8
2019,8,"SpB","E",3,"annual","Hemiptera","Cicadellidae","Hemiptera_Cicadellidae","Nymph","collected",2
2019,8,"SpB","E",3,"annual","Coleoptera","Coccinellidae","Coleoptera_Coccinellidae","Adult","collected",9
2019,8,"SpB","E",3,"annual","Hymenoptera","Platygastridae","Hymenoptera_Platygastridae","Adult","collected",1
2019,8,"SpB","E",3,"annual","Hemiptera","Caliscelidae","Hemiptera_Caliscelidae","Nymph","collected",3
2019,8,"SpB","E",3,"annual","Araneae","Lycosidae","Araneae_Lycosidae","Adult","collected",1
2019,8,"SpB","E",3,"annual","Hemiptera","Lygaeidae","Hemiptera_Lygaeidae","Adult","collected",3
2019,8,"SpB","E",3,"annual","Diptera","Tephritidae","Diptera_Tephritidae","Adult","collected",1
2019,8,"SpB","E",3,"annual","Coleoptera","Chrysomelidae","Coleoptera_Chrysomelidae","Adult","collected",3
2019,8,"SpB","E",3,"annual","Hymenoptera","Braconidae","Hymenoptera_Braconidae","Adult","collected",2
2019,8,"SpB","E",3,"annual","Hymenoptera","Platygastridae","Hymenoptera_Platygastridae","Adult","collected",1
2019,8,"SpB","E",3,"annual","Thysanoptera","Thripidae","Thysanoptera_Thripidae","Adult","collected",1
2019,8,"SpB","E",3,"annual","Hemiptera","Aphididae","Hemiptera_Aphididae","Adult","collected",1
2019,8,"SpB","E",6,"annual","Orthoptera","Acrididae","Orthoptera_Acrididae","Adult","observed",7
2019,8,"SpB","E",6,"annual","Thysanoptera","Thripidae","Thysanoptera_Thripidae","Adult","collected",22
2019,8,"SpB","E",6,"annual","Hemiptera","Cicadellidae","Hemiptera_Cicadellidae","Adult","collected",17
2019,8,"SpB","E",6,"annual","Hemiptera","Cicadellidae","Hemiptera_Cicadellidae","Nymph","collected",16
2019,8,"SpB","E",6,"annual","Hemiptera","Aphididae","Hemiptera_Aphididae","Adult","collected",5
2019,8,"SpB","E",6,"annual","Araneae","Salticidae","Araneae_Salticidae","Adult","collected",1
2019,8,"SpB","E",6,"annual","Araneae","Thomisidae","Araneae_Thomisidae","Adult","collected",4
2019,8,"SpB","E",6,"annual","Hymenoptera","Platygastridae","Hymenoptera_Platygastridae","Adult","collected",4
2019,8,"SpB","E",6,"annual","Coleoptera","Byrrhidae","Coleoptera_Byrrhidae","Adult","collected",1
2019,8,"SpB","E",6,"annual","Coleoptera","Coccinellidae","Coleoptera_Coccinellidae","Adult","collected",16
2019,8,"SpB","E",6,"annual","Coleoptera","Chrysomelidae","Coleoptera_Chrysomelidae","Nymph","collected",22
2019,8,"SpB","E",6,"annual","Hymenoptera","Eurytomidae","Hymenoptera_Eurytomidae","Adult","collected",1
2019,8,"SpB","E",6,"annual","Diptera","Scathophagidae","Diptera_Scathophagidae","Adult","collected",1
2019,8,"SpB","E",6,"annual","Hemiptera","Caliscelidae","Hemiptera_Caliscelidae","Adult","collected",4
2019,8,"SpB","E",6,"annual","Araneae","Salticidae","Araneae_Salticidae","Adult","collected",1
2019,8,"SpB","E",6,"annual","Hemiptera","Blissidae","Hemiptera_Blissidae","Adult","collected",1
2019,8,"SpB","E",6,"annual","Acari","Trombiculidae","Acari_Trombiculidae","Adult","collected",6
2019,8,"SpB","E",6,"annual","Diptera","Unknown","Diptera_Unknown","Adult","collected",1
2019,8,"SpB","E",5,"annual","Orthoptera","Acrididae","Orthoptera_Acrididae","Adult","observed",13
2019,8,"SpB","E",5,"annual","Orthoptera","Acrididae","Orthoptera_Acrididae","Adult","collected",2
2019,8,"SpB","E",5,"annual","Araneae","Salticidae","Araneae_Salticidae","Adult","collected",2
2019,8,"SpB","E",5,"annual","Araneae","Salticidae","Araneae_Salticidae","Adult","collected",2
2019,8,"SpB","E",5,"annual","Hemiptera","Lygaeidae","Hemiptera_Lygaeidae","Adult","collected",3
2019,8,"SpB","E",5,"annual","Hemiptera","Cicadellidae","Hemiptera_Cicadellidae","Adult","collected",20
2019,8,"SpB","E",5,"annual","Hymenoptera","Formicidae","Hymenoptera_Formicidae","Adult","collected",3
2019,8,"SpB","E",5,"annual","Hemiptera","Caliscelidae","Hemiptera_Caliscelidae","Adult","collected",8
2019,8,"SpB","E",5,"annual","Araneae","Thomisidae","Araneae_Thomisidae","Adult","collected",1
2019,8,"SpB","E",5,"annual","Hymenoptera","Platygastridae","Hymenoptera_Platygastridae","Adult","collected",1
2019,8,"SpB","E",5,"annual","Coleoptera","Chrysomelidae","Coleoptera_Chrysomelidae","Nymph","collected",16
2019,8,"SpB","E",5,"annual","Coleoptera","Coccinellidae","Coleoptera_Coccinellidae","Adult","collected",20
2019,8,"SpB","E",5,"annual","Thysanoptera","Thripidae","Thysanoptera_Thripidae","Adult","collected",8
2019,8,"SpB","E",5,"annual","Acari","Trombiculidae","Acari_Trombiculidae","Adult","collected",2
2019,8,"SpB","E",2,"annual","Orthoptera","Acrididae","Orthoptera_Acrididae","Adult","observed",3
2019,8,"SpB","E",2,"annual","Araneae","Salticidae","Araneae_Salticidae","Adult","collected",3
2019,8,"SpB","E",2,"annual","Coleoptera","Coccinellidae","Coleoptera_Coccinellidae","Adult","collected",10
2019,8,"SpB","E",2,"annual","Thysanoptera","Thripidae","Thysanoptera_Thripidae","Adult","collected",10
2019,8,"SpB","E",2,"annual","Coleoptera","Chrysomelidae","Coleoptera_Chrysomelidae","Nymph","collected",5
2019,8,"SpB","E",2,"annual","Hemiptera","Cicadellidae","Hemiptera_Cicadellidae","Adult","collected",23
2019,8,"SpB","E",2,"annual","Hymenoptera","Platygastridae","Hymenoptera_Platygastridae","Adult","collected",3
2019,8,"SpB","E",2,"annual","Hemiptera","Cicadellidae","Hemiptera_Cicadellidae","Nymph","collected",12
2019,8,"SpB","E",2,"annual","Coleoptera","Chrysomelidae","Coleoptera_Chrysomelidae","Adult","collected",2
2019,8,"SpB","E",2,"annual","Acari","Trombiculidae","Acari_Trombiculidae","Adult","collected",2
2019,8,"SpB","E",2,"annual","Hemiptera","Blissidae","Hemiptera_Blissidae","Adult","collected",10
2019,8,"SpB","E",2,"annual","Coleoptera","Byrrhidae","Coleoptera_Byrrhidae","Adult","collected",10
2019,8,"SpB","E",2,"annual","Hemiptera","Cicadellidae","Hemiptera_Cicadellidae","Adult","collected",2
2019,8,"SpB","E",2,"annual","Araneae","Thomisidae","Araneae_Thomisidae","Adult","collected",1
2019,8,"SpB","E",2,"annual","Diptera","Psilidae","Diptera_Psilidae","Adult","collected",2
2019,8,"SpB","E",1,"annual","Orthoptera","Acrididae","Orthoptera_Acrididae","Adult","observed",2
2019,8,"SpB","E",1,"annual","Hemiptera","Blissidae","Hemiptera_Blissidae","Adult","collected",14
2019,8,"SpB","E",1,"annual","Hemiptera","Cicadellidae","Hemiptera_Cicadellidae","Adult","collected",4
2019,8,"SpB","E",1,"annual","Hemiptera","Caliscelidae","Hemiptera_Caliscelidae","Adult","collected",2
2019,8,"SpB","E",1,"annual","Coleoptera","Chrysomelidae","Coleoptera_Chrysomelidae","Adult","collected",2
2019,8,"SpB","E",1,"annual","Araneae","Thomisidae","Araneae_Thomisidae","Adult","collected",3
2019,8,"SpB","E",1,"annual","Diptera","Psilidae","Diptera_Psilidae","Adult","collected",1
2019,8,"SpB","E",1,"annual","Hymenoptera","Chalcididae","Hymenoptera_Chalcididae","Adult","collected",1
2019,8,"SpB","E",1,"annual","Coleoptera","Mordellidae","Coleoptera_Mordellidae","Adult","collected",1
2019,8,"SpB","E",4,"annual","Orthoptera","Acrididae","Orthoptera_Acrididae","Adult","observed",4
2019,8,"SpB","E",4,"annual","Orthoptera","Acrididae","Orthoptera_Acrididae","Adult","collected",1
2019,8,"SpB","E",4,"annual","Hemiptera","Blissidae","Hemiptera_Blissidae","Adult","collected",2
2019,8,"SpB","E",4,"annual","Hemiptera","Blissidae","Hemiptera_Blissidae","Nymph","collected",6
2019,8,"SpB","E",4,"annual","Hymenoptera","Formicidae","Hymenoptera_Formicidae","Adult","collected",3
2019,8,"SpB","E",4,"annual","Hemiptera","Cicadellidae","Hemiptera_Cicadellidae","Adult","collected",4
2019,8,"SpB","E",4,"annual","Lepidoptera","Crambidae","Lepidoptera_Crambidae","Adult","collected",1
2019,8,"SpB","E",4,"annual","Araneae","Thomisidae","Araneae_Thomisidae","Adult","collected",1
2019,8,"SpB","E",4,"annual","Hemiptera","Cixiidae","Hemiptera_Cixiidae","Adult","collected",1
2019,8,"SpB","E",4,"annual","Hymenoptera","Eurytomidae","Hymenoptera_Eurytomidae","Adult","collected",1
2019,8,"SpB","E",4,"annual","Hymenoptera","Chalcididae","Hymenoptera_Chalcididae","Adult","collected",1
2019,8,"SpB","E",4,"annual","Coleoptera","Chrysomelidae","Coleoptera_Chrysomelidae","Adult","collected",2
2019,8,"SpB","E",4,"annual","Araneae","Lycosidae","Araneae_Lycosidae","Adult","collected",1
2019,8,"SpB","E",4,"annual","Hymenoptera","Braconidae","Hymenoptera_Braconidae","Adult","collected",1
2019,8,"SpB","D",1,"annual","Orthoptera","Acrididae","Orthoptera_Acrididae","Adult","observed",5
2019,8,"SpB","D",1,"annual","Orthoptera","Acrididae","Orthoptera_Acrididae","Adult","collected",1
2019,8,"SpB","D",1,"annual","Araneae","Thomisidae","Araneae_Thomisidae","Adult","collected",4
2019,8,"SpB","D",1,"annual","Araneae","Salticidae","Araneae_Salticidae","Adult","collected",2
2019,8,"SpB","D",1,"annual","Hemiptera","Cicadellidae","Hemiptera_Cicadellidae","Adult","collected",16
2019,8,"SpB","D",1,"annual","Hemiptera","Cixiidae","Hemiptera_Cixiidae","Adult","collected",1
2019,8,"SpB","D",1,"annual","Coleoptera","Chrysomelidae","Coleoptera_Chrysomelidae","Adult","collected",3
2019,8,"SpB","D",1,"annual","Coleoptera","Curculionidae","Coleoptera_Curculionidae","Adult","collected",1
2019,8,"SpB","D",1,"annual","Hemiptera","Blissidae","Hemiptera_Blissidae","Adult","collected",2
2019,8,"20B","F",3,"unburned","Orthoptera","Acrididae","Orthoptera_Acrididae","Adult","observed",1
2019,8,"20B","F",3,"unburned","Hemiptera","Cicadellidae","Hemiptera_Cicadellidae","Adult","collected",3
2019,8,"20B","F",3,"unburned","Lepidoptera","Unknown","Lepidoptera_Unknown","Nymph","collected",1
2019,8,"20B","F",3,"unburned","Araneae","Salticidae","Araneae_Salticidae","Adult","collected",3
2019,8,"20B","F",3,"unburned","Coleoptera","Chrysomelidae","Coleoptera_Chrysomelidae","Adult","collected",1
2019,8,"20B","F",3,"unburned","Thysanoptera","Aeolothripidae","Thysanoptera_Aeolothripidae","Adult","collected",2
2019,8,"20B","F",3,"unburned","Hymenoptera","Bethylidae","Hymenoptera_Bethylidae","Adult","collected",1
2019,8,"20B","F",3,"unburned","Hymenoptera","Proctotrupidae","Hymenoptera_Proctotrupidae","Adult","collected",1
2019,8,"20B","F",3,"unburned","Hymenoptera","Chrysididae","Hymenoptera_Chrysididae","Adult","collected",2
2019,8,"20B","F",2,"unburned","Coleoptera","Chrysomelidae","Coleoptera_Chrysomelidae","Adult","collected",1
2019,8,"20B","F",2,"unburned","Hemiptera","Cicadellidae","Hemiptera_Cicadellidae","Adult","collected",8
2019,8,"20B","F",2,"unburned","Araneae","Salticidae","Araneae_Salticidae","Adult","collected",6
2019,8,"20B","F",2,"unburned","Araneae","Thomisidae","Araneae_Thomisidae","Adult","collected",4
2019,8,"20B","F",2,"unburned","Diptera","Cecidomyiidae","Diptera_Cecidomyiidae","Adult","collected",2
2019,8,"20B","F",2,"unburned","Hymenoptera","Unknown","Hymenoptera_Unknown","Adult","collected",1
2019,8,"20B","F",2,"unburned","Thysanoptera","Aeolothripidae","Thysanoptera_Aeolothripidae","Adult","collected",1
2019,8,"20B","F",2,"unburned","Acari","Unknown","Acari_Unknown","Adult","collected",8
2019,8,"20B","E",4,"unburned","Orthoptera","Acrididae","Orthoptera_Acrididae","Adult","observed",3
2019,8,"20B","E",4,"unburned","Orthoptera","Acrididae","Orthoptera_Acrididae","Adult","collected",1
2019,8,"20B","E",4,"unburned","Hemiptera","Cicadellidae","Hemiptera_Cicadellidae","Adult","collected",8
2019,8,"20B","E",4,"unburned","Araneae","Salticidae","Araneae_Salticidae","Adult","collected",2
2019,8,"20B","E",4,"unburned","Araneae","Thomisidae","Araneae_Thomisidae","Adult","collected",1
2019,8,"20B","E",4,"unburned","Ixodida","Ixodidae","Ixodida_Ixodidae","Adult","collected",2
2019,8,"20B","E",4,"unburned","Hemiptera","Caliscelidae","Hemiptera_Caliscelidae","Adult","collected",1
2019,8,"20B","E",4,"unburned","Diptera","Cecidomyiidae","Diptera_Cecidomyiidae","Adult","collected",2
2019,8,"20B","E",4,"unburned","Hymenoptera","Chalcididae","Hymenoptera_Chalcididae","Adult","collected",2
2019,8,"20B","E",4,"unburned","Thysanoptera","Aeolothripidae","Thysanoptera_Aeolothripidae","Adult","collected",1
2019,8,"20B","E",1,"unburned","Orthoptera","Acrididae","Orthoptera_Acrididae","Adult","observed",2
2019,8,"20B","E",1,"unburned","Hemiptera","Cicadellidae","Hemiptera_Cicadellidae","Adult","collected",8
2019,8,"20B","E",1,"unburned","Thysanoptera","Aeolothripidae","Thysanoptera_Aeolothripidae","Adult","collected",4
2019,8,"20B","E",1,"unburned","Coleoptera","Curculionidae","Coleoptera_Curculionidae","Adult","collected",1
2019,8,"20B","E",1,"unburned","Araneae","Salticidae","Araneae_Salticidae","Adult","collected",3
2019,8,"20B","E",1,"unburned","Hymenoptera","Eurytomidae","Hymenoptera_Eurytomidae","Adult","collected",2
2019,8,"20B","E",1,"unburned","Hymenoptera","Formicidae","Hymenoptera_Formicidae","Adult","collected",1
2019,8,"20B","E",1,"unburned","Hymenoptera","Chalcididae","Hymenoptera_Chalcididae","Adult","collected",1
2019,8,"20B","D",1,"unburned","Hymenoptera","Formicidae","Hymenoptera_Formicidae","Adult","collected",2
2019,8,"20B","D",1,"unburned","Hemiptera","Cicadellidae","Hemiptera_Cicadellidae","Adult","collected",11
2019,8,"20B","D",1,"unburned","Hemiptera","Caliscelidae","Hemiptera_Caliscelidae","Nymph","collected",3
2019,8,"20B","D",1,"unburned","Coleoptera","Curculionidae","Coleoptera_Curculionidae","Adult","collected",1
2019,8,"20B","D",1,"unburned","Thysanoptera","Thripidae","Thysanoptera_Thripidae","Adult","collected",6
2019,8,"20B","D",1,"unburned","Araneae","Salticidae","Araneae_Salticidae","Adult","collected",1
2019,8,"20B","D",1,"unburned","Coleoptera","Chrysomelidae","Coleoptera_Chrysomelidae","Adult","collected",1
2019,8,"20B","D",1,"unburned","Araneae","Thomisidae","Araneae_Thomisidae","Adult","collected",2
2019,8,"20B","D",1,"unburned","Coleoptera","Chrysomelidae","Coleoptera_Chrysomelidae","Nymph","collected",3
2019,8,"20B","D",1,"unburned","Hymenoptera","Platygastridae","Hymenoptera_Platygastridae","Adult","collected",3
2019,8,"20B","D",1,"unburned","Diptera","Tephritidae","Diptera_Tephritidae","Adult","collected",3
2019,8,"20B","D",1,"unburned","Hemiptera","Aphididae","Hemiptera_Aphididae","Adult","collected",5
2019,8,"20B","D",1,"unburned","Acari","Trombiculidae","Acari_Trombiculidae","Adult","collected",31
2019,8,"20B","D",1,"unburned","Diptera","Chloropidae","Diptera_Chloropidae","Adult","collected",2
2019,8,"20B","D",3,"unburned","Araneae","Thomisidae","Araneae_Thomisidae","Adult","collected",9
2019,8,"20B","D",3,"unburned","Thysanoptera","Thripidae","Thysanoptera_Thripidae","Adult","collected",15
2019,8,"20B","D",3,"unburned","Hemiptera","Aphididae","Hemiptera_Aphididae","Adult","collected",4
2019,8,"20B","D",3,"unburned","Hymenoptera","Platygastridae","Hymenoptera_Platygastridae","Adult","collected",6
2019,8,"20B","D",3,"unburned","Coleoptera","Coccinellidae","Coleoptera_Coccinellidae","Adult","collected",1
2019,8,"20B","D",3,"unburned","Diptera","Thaumaleidae","Diptera_Thaumaleidae","Adult","collected",4
2019,8,"20B","D",3,"unburned","Diptera","Psychodidae","Diptera_Psychodidae","Adult","collected",2
2019,8,"20B","D",3,"unburned","Coleoptera","Chrysomelidae","Coleoptera_Chrysomelidae","Adult","collected",6
2019,8,"20B","D",3,"unburned","Hemiptera","Caliscelidae","Hemiptera_Caliscelidae","Adult","collected",10
2019,8,"20B","D",3,"unburned","Hymenoptera","Formicidae","Hymenoptera_formicidae","Adult","collected",1
2019,8,"20B","D",3,"unburned","Diptera","Tephritidae","Diptera_Tephritidae","Adult","collected",2
2019,8,"20B","D",3,"unburned","Lepidoptera","Crambidae","Lepidoptera_Crambidae","Adult","collected",1
2019,8,"20B","D",3,"unburned","Hemiptera","Tingidae","Hemiptera_Tingidae","Adult","collected",1
2019,8,"20B","D",3,"unburned","Acari","Trombiculidae","Acari_Trombiculidae","Adult","collected",1
2019,8,"20B","D",3,"unburned","Diptera","Chironomidae","Diptera_Chironomidae","Adult","collected",1
2019,8,"20B","D",2,"unburned","Orthoptera","Acrididae","Orthoptera_Acrididae","Adult","collected",1
2019,8,"20B","D",2,"unburned","Hemiptera","Lygaeidae","Hemiptera_Lygaeidae","Adult","collected",2
2019,8,"20B","D",2,"unburned","Araneae","Salticidae","Araneae_Salticidae","Adult","collected",1
2019,8,"20B","D",2,"unburned","Araneae","Lycosidae","Araneae_Lycosidae","Adult","collected",1
2019,8,"20B","D",2,"unburned","Hemiptera","Caliscelidae","Hemiptera_Caliscelidae","Adult","collected",12
2019,8,"20B","D",2,"unburned","Araneae","Thomisidae","Araneae_Thomisidae","Adult","collected",3
2019,8,"20B","D",2,"unburned","Coleoptera","Chrysomelidae","Coleoptera_Chrysomelidae","Adult","collected",2
2019,8,"20B","D",2,"unburned","Hymenoptera","Lygaeidae","Hymenoptera_Lygaeidae","Adult","collected",3
2019,8,"20B","D",2,"unburned","Thysanoptera","Thripidae","Thysanoptera_Thripidae","Adult","collected",5
2019,8,"20B","D",2,"unburned","Coleoptera","Coccinellidae","Coleoptera_Coccinellidae","Adult","collected",1
2019,8,"20B","D",2,"unburned","Hemiptera","Aphididae","Hemiptera_Aphididae","Adult","collected",1
2019,8,"20C","C",5,"unburned","Lepidoptera","Unknown","Lepidoptera_Unknown","Adult","collected",1
2019,8,"20C","C",5,"unburned","Coleoptera","Coccinellidae","Coleoptera_Coccinellidae","Adult","collected",1
2019,8,"20C","C",5,"unburned","Coleoptera","Chrysomelidae","Coleoptera_Chrysomelidae","Adult","collected",4
2019,8,"20C","C",5,"unburned","Araneae","Araneidae","Araneae_Araneidae","Adult","collected",4
2019,8,"20C","C",5,"unburned","Araneae","Salticidae","Araneae_Salticidae","Adult","collected",8
2019,8,"20C","C",5,"unburned","Diptera","Chloropidae","Diptera_Chloropidae","Adult","collected",2
2019,8,"20C","C",5,"unburned","Diptera","Cecidomyiidae","Diptera_Cecidomyiidae","Adult","collected",1
2019,8,"20C","C",5,"unburned","Hemiptera","Cicadellidae","Hemiptera_Cicadellidae","Adult","collected",10
2019,8,"20C","C",5,"unburned","Coleoptera","Unknown","Coleoptera_Unknown","Adult","collected",1
2019,8,"20C","C",5,"unburned","Araneae","Linyphiidae","Araneae_Linyphiidae","Adult","collected",1
2019,8,"1D","B",1,"annual","Orthoptera","Acrididae","Orthoptera_Acrididae","Adult","observed",2
2019,8,"1D","B",1,"annual","Hemiptera","Cicadellidae","Hemiptera_Cicadellidae","Adult","collected",23
2019,8,"1D","B",1,"annual","Ixodida","Ixodidae","Ixodida_Ixodidae","Adult","collected",1
2019,8,"1D","B",1,"annual","Hymenoptera","Formicidae","Hymenoptera_Formicidae","Adult","collected",2
2019,8,"1D","B",1,"annual","Diptera","Chloropidae","Diptera_Chloropidae","Adult","collected",3
2019,8,"1D","B",1,"annual","Araneae","Salticidae","Araneae_Salticidae","Adult","collected",2
2019,8,"1D","B",1,"annual","Lepidoptera","Crambidae","Lepidoptera_Crambidae","Adult","collected",1
2019,8,"1D","B",1,"annual","Hemiptera","Miridae","Hemiptera_Miridae","Nymph","collected",2
2019,8,"1D","B",1,"annual","Coleoptera","Chrysomelidae","Coleoptera_Chrysomelidae","Adult","collected",38
2019,8,"1D","B",1,"annual","Thysanoptera","Thripidae","Thysanoptera_Thripidae","Adult","collected",21
2019,8,"1D","B",1,"annual","Hymenoptera","Mymaridae","Hymenoptera_Mymaridae","Adult","collected",4
2019,8,"1D","B",1,"annual","Hymenoptera","Eupelmidae","Hymenoptera_Eupelmidae","Adult","collected",1
2019,8,"1D","B",1,"annual","Diptera","Cecidomyiidae","Diptera_Cecidomyiidae","Adult","collected",4
2019,8,"1D","B",1,"annual","Hemiptera","Cicadellidae","Hemiptera_Cicadellidae","Nymph","collected",7
2019,8,"1D","B",1,"annual","Araneae","Linyphiidae","Araneae_Linyphiidae","Adult","collected",2
2019,8,"1D","B",1,"annual","Hemiptera","Coccidae","Hemiptera_Coccidae","Adult","collected",3
2019,8,"1D","B",1,"annual","Araneae","Philodromidae","Araneae_Philodromidae","Adult","collected",1
2019,8,"1D","B",1,"annual","Hemiptera","Aphididae","Hemiptera_Aphididae","Adult","collected",1
2019,8,"1D","B",1,"annual","Collembola","Sminthuridae","Collembola_Sminthuridae","Adult","collected",15
2019,8,"1D","B",1,"annual","Diptera","Unknown","Diptera_Unknown","Adult","collected",5
2019,8,"1D","B",1,"annual","Hemiptera","Unknown","Hemiptera_Unknown","Adult","collected",1
2019,8,"SpB","E",6,"annual","Orthoptera","Acrididae","Orthoptera_Acrididae","Adult","observed",8
2019,8,"SpB","E",6,"annual","Coleoptera","Chrysomelidae","Coleoptera_Chrysomelidae","Adult","collected",9
2019,8,"SpB","F",6,"annual","Thysanoptera","Thripidae","Thysanoptera_Thripidae","Adult","collected",3
2019,8,"SpB","F",6,"annual","Hemiptera","Cicadellidae","Hemiptera_Cicadellidae","Adult","collected",5
2019,8,"SpB","F",6,"annual","Hemiptera","Cicadellidae","Hemiptera_Cicadellidae","Nymph","collected",21
2019,8,"SpB","F",6,"annual","Hymenoptera","Mymaridae","Hymenoptera_Mymaridae","Adult","collected",1
2019,8,"SpB","F",6,"annual","Hymenoptera","Formicidae","Hymenoptera_Formicidae","Adult","collected",1
2019,8,"SpB","F",6,"annual","Hemiptera","Miridae","Hemiptera_Miridae","Nymph","collected",2
2019,8,"SpB","F",6,"annual","Ixodida","Ixodidae","Ixodida_Ixodidae","Adult","collected",1
2019,8,"SpB","F",6,"annual","Araneae","Linyphiidae","Araneae_Linyphiidae","Adult","collected",2
2019,8,"SpB","F",6,"annual","Unknown","Unknown","Unknown_Unknown","Adult","collected",6
2019,8,"SpB","F",6,"annual","Diptera","Cecidomyiidae","Diptera_Cecidomyiidae","Adult","collected",2
2019,8,"20B","F",4,"unburned","Hemiptera","Dictyopharidae","Hemiptera_Dictyopharidae","Adult","collected",1
2019,8,"20B","F",4,"unburned","Diptera","Unknown","Diptera_Unknown","Adult","collected",3
2019,8,"20B","F",4,"unburned","Hemiptera","Cicadellidae","Hemiptera_Cicadellidae","Adult","collected",9
2019,8,"20B","F",4,"unburned","Collembola","Sminthuridae","Collembola_Sminthuridae","Adult","collected",10
2019,8,"20B","F",4,"unburned","Hymenoptera","Mymaridae","Hymenoptera_Mymaridae","Adult","collected",1
2019,8,"20B","F",4,"unburned","Ixodida","Ixodidae","Ixodida_Ixodidae","Adult","collected",1
2019,8,"20B","F",4,"unburned","Diptera","Chloropidae","Diptera_Chloropidae","Adult","collected",1
2019,8,"20B","F",4,"unburned","Thysanoptera","Thripidae","Thysanoptera_Thripidae","Adult","collected",15
2019,8,"20B","F",4,"unburned","Thysanoptera","Thripidae","Thysanoptera_Thripidae","Nymph","collected",4
2019,8,"20B","F",4,"unburned","Hymenoptera","Trichogrammatidae","Hymenoptera_Trichogrammatidae","Adult","collected",4
2019,8,"20B","F",4,"unburned","Hymenoptera","Eurytomidae","Hymenoptera_Eurytomidae","Adult","collected",2
2019,8,"20B","F",4,"unburned","Araneae","Philodromidae","Araneae_Philodromidae","Adult","collected",3
2019,8,"20B","F",4,"unburned","Hymenoptera","Formicidae","Hymenoptera_Formicidae","Adult","collected",2
2019,8,"20B","F",4,"unburned","Hymenoptera","Encrytidae","Hymenoptera_Encrytidae","Adult","collected",2
2019,8,"20B","F",4,"unburned","Hemiptera","Cicadellidae","Hemiptera_Cicadellidae","Nymph","collected",10
2019,8,"20B","F",4,"unburned","Araneae","Salticidae","Araneae_Salticidae","Adult","collected",1
2019,8,"20B","E",2,"unburned","Orthoptera","Acrididae","Orthoptera_Acrididae","Adult","observed",1
2019,8,"20B","E",2,"unburned","Hemiptera","Cicadellidae","Hemiptera_Cicadellidae","Nymph","collected",7
2019,8,"20B","E",2,"unburned","Coleoptera","Chrysomelidae","Coleoptera_Chrysomelidae","Adult","collected",1
2019,8,"20B","E",2,"unburned","Thysanoptera","Thripidae","Thysanoptera_Thripidae","Adult","collected",5
2019,8,"20B","E",2,"unburned","Araneae","Salticidae","Araneae_Salticidae","Adult","collected",2
2019,8,"20B","E",2,"unburned","Thysanoptera","Thripidae","Thysanoptera_Thripidae","Nymph","collected",6
2019,8,"20B","E",2,"unburned","Hemiptera","Cicadellidae","Hemiptera_Cicadellidae","Adult","collected",10
2019,8,"20B","E",2,"unburned","Lepidoptera","Crambidae","Lepidoptera_Crambidae","Adult","collected",1
2019,8,"20B","E",2,"unburned","Lepidoptera","Unknown","Lepidoptera_Unknown","Nymph","collected",1
2019,8,"20B","E",2,"unburned","Collembola","Sminthuridae","Collembola_Sminthuridae","Adult","collected",6
2019,8,"20B","E",2,"unburned","Coleoptera","Curculionidae","Coleoptera_Curculionidae","Adult","collected",1
2019,8,"20B","E",2,"unburned","Diptera","Cecidomyiidae","Diptera_Cecidomyiidae","Adult","collected",3
2019,8,"20B","E",2,"unburned","Hymenoptera","Ichneumonidae","Hymenoptera_Ichneumonidae","Adult","collected",2
2019,8,"20B","E",2,"unburned","Acari","Unknown","Acari_Unknown","Adult","collected",6
2019,8,"20B","E",2,"unburned","Araneae","Araneidae","Araneae_Araneidae","Adult","collected",1
2019,8,"20B","E",2,"unburned","Hymenoptera","Trichogrammatidae","Hymenoptera_Trichogrammatidae","Adult","collected",6
2019,8,"20B","E",2,"unburned","Hemiptera","Coccidae","Hemiptera_Coccidae","Adult","collected",1
2019,8,"20B","E",2,"unburned","Hymenoptera","Formicidae","Hymenoptera_Formicidae","Adult","collected",2
2019,8,"20B","E",2,"unburned","Hymenoptera","Encrytidae","Hymenoptera_Encrytidae","Adult","collected",2
2019,8,"20B","E",2,"unburned","Unknown","Unknown","Unknown_Unknown","Adult","collected",1
2019,8,"20B","E",2,"unburned","Hymenoptera","Eupelmidae","Hymenoptera_Eupelmidae","Adult","collected",1
2019,8,"20B","F",5,"unburned","Orthoptera","Acrididae","Orthoptera_Acrididae","Adult","observed",1
2019,8,"20B","F",5,"unburned","Orthoptera","Tettigoniidae","Orthoptera_Tettigonidae","Adult","collected",1
2019,8,"20B","F",5,"unburned","Thysanoptera","Thripidae","Thysanoptera_Thripidae","Adult","collected",6
2019,8,"20B","F",5,"unburned","Hemiptera","Membracidae","Hemiptera_Membracidae","Adult","collected",1
2019,8,"20B","F",5,"unburned","Hemiptera","Cicadellidae","Hemiptera_Cicadellidae","Adult","collected",1
2019,8,"20B","F",5,"unburned","Coleoptera","Chrysomelidae","Coleoptera_Chrysomelidae","Adult","collected",3
2019,8,"20B","F",5,"unburned","Araneae","Linyphiidae","Araneae_Linyphiidae","Adult","collected",4
2019,8,"20B","F",5,"unburned","Diptera","Chloropidae","Diptera_Chloropidae","Adult","collected",3
2019,8,"20B","F",5,"unburned","Hymenoptera","Formicidae","Hymenoptera_Formicidae","Adult","collected",1
2019,8,"20B","F",5,"unburned","Hemiptera","Cicadellidae","Hemiptera_Cicadellidae","Nymph","collected",1
2019,8,"20B","F",5,"unburned","Diptera","Cecidomyiidae","Diptera_Cecidomyiidae","Adult","collected",1
2019,8,"20B","F",5,"unburned","Hemiptera","Miridae","Hemiptera_Miridae","Nymph","collected",3
2019,8,"20B","F",5,"unburned","Thysanoptera","Thripidae","Thysanoptera_Thripidae","Larvae","collected",4
2019,8,"20B","F",5,"unburned","Thysanoptera","Aeolothripidae","Thysanoptera_Aeolothripidae","Adult","collected",1
2019,8,"20B","F",5,"unburned","Collembola","Sminthuridae","Collembola_Sminthuridae","Adult","collected",7
2019,8,"20B","F",5,"unburned","Hymenoptera","Encrytidae","Hymenoptera_Encrytidae","Adult","collected",2
2019,8,"20B","F",5,"unburned","Ixodida","Ixodidae","Ixodida_Ixodidae","Adult","collected",1
2019,8,"20B","F",6,"unburned","Orthoptera","Acrididae","Orthoptera_Acrididae","Adult","observed",3
2019,8,"20B","F",6,"unburned","Hemiptera","Cicadellidae","Hemiptera_Cicadellidae","Adult","collected",4
2019,8,"20B","F",6,"unburned","Hymenoptera","Formicidae","Hymenoptera_Formicidae","Adult","collected",3
2019,8,"20B","F",6,"unburned","Hymenoptera","Trichogrammatidae","Hymenoptera_Trichogrammatidae","Adult","collected",5
2019,8,"20B","F",6,"unburned","Thysanoptera","Thripidae","Thysanoptera_Thripidae","Adult","collected",9
2019,8,"20B","F",6,"unburned","Collembola","Sminthuridae","Collembola_Sminthuridae","Adult","collected",39
2019,8,"20B","F",6,"unburned","Hemiptera","Miridae","Hemiptera_Miridae","Nymph","collected",7
2019,8,"20B","F",6,"unburned","Thysanoptera","Thripidae","Thysanoptera_Thripidae","Larvae","collected",4
2019,8,"20B","F",6,"unburned","Hemiptera","Coccidae","Hemiptera_Coccidae","Adult","collected",1
2019,8,"20B","F",6,"unburned","Diptera","Chloropidae","Diptera_Chloropidae","Adult","collected",5
2019,8,"20B","F",6,"unburned","Acari","Acari","Acari_Acari","Adult","collected",4
2019,8,"20B","F",6,"unburned","Hemiptera","Cicadellidae","Hemiptera_Cicadellidae","Nymph","collected",5
2019,8,"20B","F",6,"unburned","Hemiptera","Cicadidae","Hemiptera_Cicadidae","Adult","collected",1
2019,8,"20B","F",6,"unburned","Araneae","Linyphiidae","Araneae_Linyphiidae","Adult","collected",2
2019,8,"20B","F",6,"unburned","Araneae","Salticidae","Araneae_Salticidae","Adult","collected",1
2019,8,"20B","F",6,"unburned","Araneae","Philodromidae","Araneae_Philodromidae","Adult","collected",1
2019,8,"20B","F",6,"unburned","Lepidoptera","Crambidae","Lepidoptera_Crambidae","Adult","collected",1
2019,8,"20B","F",6,"unburned","Coleoptera","Chrysomelidae","Coleoptera_Chrysomelidae","Adult","collected",2
2019,8,"20B","F",6,"unburned","Hymenoptera","Eulophidae","Hymenoptera_Eulophidae","Adult","collected",1
2019,8,"20B","F",6,"unburned","Hymenoptera","Encrytidae","Hymenoptera_Encrytidae","Adult","collected",2
2019,8,"20B","F",6,"unburned","Hymenoptera","Chalcididae","Hymenoptera_Chalcididae","Adult","collected",2
2019,8,"20B","E",6,"unburned","Orthoptera","Acrididae","Orthoptera_Acrididae","Adult","observed",2
2019,8,"20B","E",6,"unburned","Hemiptera","Cicadellidae","Hemiptera_Cicadellidae","Adult","collected",4
2019,8,"20B","E",6,"unburned","Hemiptera","Cicadellidae","Hemiptera_Cicadellidae","Nymph","collected",24
2019,8,"20B","E",6,"unburned","Coleoptera","Chrysomelidae","Coleoptera_Chrysomelidae","Adult","collected",4
2019,8,"20B","E",6,"unburned","Thysanoptera","Thripidae","Thysanoptera_Thripidae","Adult","collected",8
2019,8,"20B","E",6,"unburned","Hemiptera","Miridae","Hemiptera_Miridae","Nymph","collected",9
2019,8,"20B","E",6,"unburned","Acari","Unknown","Acari_Unknown","Adult","collected",5
2019,8,"20B","E",6,"unburned","Araneae","Salticidae","Araneae_Salticidae","Adult","collected",2
2019,8,"20B","E",6,"unburned","Diptera","Chloropidae","Diptera_Chloropidae","Adult","collected",7
2019,8,"20B","E",6,"unburned","Thysanoptera","Aeolothripidae","Thysanoptera_Aeolothripidae","Adult","collected",1
2019,8,"20B","E",6,"unburned","Phasmatodea","Heteronemiidae","Phasmatodea_Heteronemiidae","Adult","collected",1
2019,8,"20B","E",6,"unburned","Hymenoptera","Braconidae","hymenoptera_braconidae","Adult","collected",2
2019,8,"20B","E",6,"unburned","Thysanoptera","Thripidae","Thysanoptera_Thripidae","Larvae","collected",1
2019,8,"20B","E",6,"unburned","Hymenoptera","Encrytidae","Hymenoptera_Encrytidae","Adult","collected",10
2019,8,"20B","E",6,"unburned","Diptera","Cecidomyiidae","Diptera_Cecidomyiidae","Adult","collected",6
2019,8,"20B","E",6,"unburned","Araneae","Philodromidae","Araneae_Philodromidae","Adult","collected",3
2019,8,"20B","E",6,"unburned","Hymenoptera","Eurytomidae","Hymenoptera_Eurytomidae","Adult","collected",2
2019,8,"20B","E",6,"unburned","Araneae","Linyphiidae","Araneae_Linyphiidae","Adult","collected",4
2019,8,"20B","E",6,"unburned","Hymenoptera","Eulophidae","Hymenoptera_Eulophidae","Adult","collected",9
2019,8,"20B","E",6,"unburned","Collembola","Sminthuridae","Collembola_Sminthuridae","Adult","collected",25
2019,8,"20B","E",6,"unburned","Collembola","Entomobryidae","Collembola_Entomobryidae","Adult","collected",8
2019,8,"20B","E",6,"unburned","Unknown","Unknown","Unknown_Unknown","Larvae","collected",2
2019,8,"20B","E",6,"unburned","Hemiptera","Acanthosomatidae","Hempitera_Acanthosomatidae","Nymph","collected",1
2019,8,"20B","E",6,"unburned","Hymenoptera","Mymaridae","Hymenoptera_Mymaridae","Adult","collected",1
2019,8,"20B","E",5,"unburned","Orthoptera","Acrididae","Orthoptera_Acrididae","Adult","observed",1
2019,8,"20B","E",5,"unburned","Hemiptera","Cicadellidae","Hemiptera_Cicadellidae","Adult","collected",4
2019,8,"20B","E",5,"unburned","Diptera","Cecidomyiidae","Diptera_Cecidomyiidae","Adult","collected",5
2019,8,"20B","E",5,"unburned","Thysanoptera","Thripidae","Thysanoptera_Thripidae","Larvae","collected",7
2019,8,"20B","E",5,"unburned","Hemiptera","Cicadellidae","Hemiptera_Cicadellidae","Nymph","collected",13
2019,8,"20B","E",5,"unburned","Collembola","Sminthuridae","Collembola_Sminthuridae","Adult","collected",12
2019,8,"20B","E",5,"unburned","Hymenoptera","Formicidae","Hymenoptera_Formicidae","Adult","collected",2
2019,8,"20B","E",5,"unburned","Thysanoptera","Thripidae","Thysanoptera_Thripidae","Adult","collected",10
2019,8,"20B","E",5,"unburned","Hemiptera","Miridae","Hemiptera_Miridae","Nymph","collected",2
2019,8,"20B","E",5,"unburned","Diptera","Chloropidae","Diptera_Chloropidae","Adult","collected",1
2019,8,"20B","E",5,"unburned","Coleoptera","Chrysomelidae","Coleoptera_Chrysomelidae","Adult","collected",84
2019,8,"20B","E",5,"unburned","Collembola","Entomobryidae","Collembola_Entomobryidae","Adult","collected",2
2019,8,"20B","E",5,"unburned","Acari","Unknown","Acari_Unknown","Adult","collected",11
2019,8,"20B","E",5,"unburned","Hymenoptera","Eulophidae","Hymenoptera_Eulophidae","Adult","collected",5
2019,8,"20B","E",5,"unburned","Hymenoptera","Encrytidae","Hymenoptera_Encrytidae","Adult","collected",10
2019,8,"20B","E",5,"unburned","Hemiptera","Membracidae","Hemiptera_Membracidae","Adult","collected",1
2019,8,"20B","E",5,"unburned","Araneae","Linyphiidae","Araneae_Linyphiidae","Adult","collected",2
2019,8,"20B","E",5,"unburned","Hymenoptera","Ichneumonidae","Hymenoptera_Ichneumonidae","Adult","collected",1
2019,8,"20B","D",4,"unburned","Orthoptera","Acrididae","Orthoptera_Acrididae","Adult","observed",1
2019,8,"20B","D",4,"unburned","Hemiptera","Cicadellidae","Hemiptera_Cicadellidae","Adult","collected",8
2019,8,"20B","D",4,"unburned","Hemiptera","Cicadellidae","Hemiptera_Cicadellidae","Nymph","collected",6
2019,8,"20B","D",4,"unburned","Hymenoptera","Formicidae","Hymenoptera_Formicidae","Adult","collected",40
2019,8,"20B","D",4,"unburned","Araneae","Araneidae","Araneae_Araneidae","Adult","collected",4
2019,8,"20B","D",4,"unburned","Collembola","Sminthuridae","Collembola_Sminthuridae","Adult","collected",13
2019,8,"20B","D",4,"unburned","Araneae","Philodromidae","Araneae_Philodromidae","Adult","collected",1
2019,8,"20B","D",4,"unburned","Thysanoptera","Thripidae","Thysanoptera_Thripidae","Adult","collected",8
2019,8,"20B","D",4,"unburned","Acari","Unknown","Acari_Unknown","Adult","collected",5
2019,8,"20B","D",4,"unburned","Hymenoptera","Encrytidae","Hymenoptera_Encrytidae","Adult","collected",5
2019,8,"20B","D",4,"unburned","Hymenoptera","Eulophidae","Hymenoptera_Eulophidae","Adult","collected",1
2019,8,"20B","D",4,"unburned","Coleoptera","Chrysomelidae","Coleoptera_Chrysomelidae","Adult","collected",3
2019,8,"20B","D",4,"unburned","Araneae","Salticidae","Araneae_Salticidae","Adult","collected",1
2019,8,"20B","D",4,"unburned","Collembola","Entomobryidae","Collembola_Entomobryidae","Adult","collected",3
2019,8,"20B","D",4,"unburned","Hemiptera","Miridae","Hemiptera_Miridae","Adult","collected",2
2019,8,"20B","D",4,"unburned","Diptera","Chloropidae","Diptera_Chloropidae","Adult","collected",1
2019,8,"20B","E",3,"unburned","Orthoptera","Acrididae","Orthoptera_Acrididae","Adult","observed",1
2019,8,"20B","E",3,"unburned","Hymenoptera","Formicidae","Hymenoptera_Formicidae","Adult","collected",24
2019,8,"20B","E",3,"unburned","Hemiptera","Cicadellidae","Hemiptera_Cicadellidae","Nymph","collected",8
2019,8,"20B","E",3,"unburned","Acari","Unknown","Acari_Unknown","Adult","collected",6
2019,8,"20B","E",3,"unburned","Coleoptera","Chrysomelidae","Coleoptera_Chrysomelidae","Adult","collected",3
2019,8,"20B","E",3,"unburned","Hemiptera","Cicadellidae","Hemiptera_Cicadellidae","Adult","collected",7
2019,8,"20B","E",3,"unburned","Collembola","Sminthuridae","Collembola_Sminthuridae","Adult","collected",31
2019,8,"20B","E",3,"unburned","Thysanoptera","Thripidae","Thysanoptera_Thripidae","Adult","collected",7
2019,8,"20B","E",3,"unburned","Diptera","Chloropidae","Diptera_Chloropidae","Adult","collected",5
2019,8,"20B","E",3,"unburned","Diptera","Cecidomyiidae","Diptera_Cecidomyiidae","Adult","collected",1
2019,8,"20B","E",3,"unburned","Hemiptera","Miridae","Hemiptera_Miridae","Nymph","collected",9
2019,8,"20B","E",3,"unburned","Hymenoptera","Eupelmidae","Hymenoptera_Eupelmidae","Adult","collected",1
2019,8,"20B","E",3,"unburned","Hymenoptera","Encrytidae","Hymenoptera_Encrytidae","Adult","collected",4
2019,8,"20B","E",3,"unburned","Araneae","Salticidae","Araneae_Salticidae","Adult","collected",2
2019,8,"20B","E",3,"unburned","Hymenoptera","Trichogrammatidae","Hymenoptera_Trichogrammatidae","Adult","collected",2
2019,8,"20B","E",3,"unburned","Unknown","Unknown","Unknown_Unknown","Adult","collected",3
2019,8,"20B","E",3,"unburned","Hymenoptera","Ichneumonidae","Hymenoptera_Ichneumonidae","Adult","collected",1
2019,8,"20B","E",3,"unburned","Hymenoptera","Mymaridae","Hymenoptera_Mymaridae","Adult","collected",2
2019,8,"20B","E",3,"unburned","Collembola","Entomobryidae","Collembola_Entomobryidae","Adult","collected",1
2019,8,"20B","E",3,"unburned","Araneae","Linyphiidae","Araneae_Linyphiidae","Adult","collected",1
2019,8,"20B","E",3,"unburned","Coleoptera","Curculionidae","Coleoptera_Curculionidae","Adult","collected",1
2019,8,"20B","D",5,"unburned","Orthoptera","Acrididae","Orthoptera_Acrididae","Adult","observed",1
2019,8,"20B","D",5,"unburned","Hemiptera","Cicadellidae","Hemiptera_Cicadellidae","Adult","collected",6
2019,8,"20B","D",5,"unburned","Thysanoptera","Thripidae","Thysanoptera_Thripidae","Adult","collected",10
2019,8,"20B","D",5,"unburned","Collembola","Sminthuridae","Collembola_Sminthuridae","Adult","collected",11
2019,8,"20B","D",5,"unburned","Hymenoptera","Formicidae","Hymenoptera_Formicidae","Adult","collected",8
2019,8,"20B","D",5,"unburned","Acari","Unknown","Acari_Unknown","Adult","collected",5
2019,8,"20B","D",5,"unburned","Lepidoptera","Crambidae","Lepidoptera_Crambidae","Adult","collected",1
2019,8,"20B","D",5,"unburned","Hymenoptera","Mymaridae","Hymenoptera_Mymaridae","Adult","collected",4
2019,8,"20B","D",5,"unburned","Hymenoptera","Encrytidae","Hymenoptera_Encrytidae","Adult","collected",5
2019,8,"20B","D",5,"unburned","Coleoptera","Chrysomelidae","Coleoptera_Chrysomelidae","Adult","collected",3
2019,8,"20B","D",5,"unburned","Thysanoptera","Aeolothripidae","Thysanoptera_Aeolothripidae","Adult","collected",3
2019,8,"20B","D",5,"unburned","Hemiptera","Cicadellidae","Hemiptera_Cicadellidae","Nymph","collected",7
2019,8,"20B","D",5,"unburned","Hymenoptera","Eulophidae","Hymenoptera_Eulophidae","Adult","collected",9
2019,8,"20B","D",5,"unburned","Araneae","Linyphiidae","Araneae_Linyphiidae","Adult","collected",4
2019,8,"20B","D",5,"unburned","Hemiptera","Miridae","Hemiptera_Miridae","Adult","collected",1
2019,8,"20B","D",5,"unburned","Araneae","Philodromidae","Araneae_Philodromidae","Adult","collected",1
2019,8,"20B","D",5,"unburned","Hemiptera","Miridae","Hemiptera_Miridae","Nymph","collected",1
2019,8,"20B","D",5,"unburned","Diptera","Cecidomyiidae","Diptera_Cecidomyiidae","Adult","collected",2
2019,8,"20B","D",5,"unburned","Thysanoptera","Thripidae","Thysanoptera_Thripidae","Nymph","collected",1
2019,8,"20B","D",5,"unburned","Hymenoptera","Chalcididae","Hymenoptera_chalcididae","Adult","collected",1
2019,8,"20B","D",5,"unburned","Araneae","Araneidae","Araneae_Araneidae","Adult","collected",2
2019,8,"20B","D",5,"unburned","Diptera","Dolichopodidae","Diptera_Dolichopodidae","Adult","collected",1
2019,8,"20B","D",5,"unburned","Hymenoptera","Trichogrammatidae","Hymenoptera_Trichogrammatidae","Adult","collected",1
2019,8,"20B","D",6,"unburned","Orthoptera","Acrididae","Orthoptera_Acrididae","Adult","observed",1
2019,8,"20B","D",6,"unburned","Collembola","Sminthuridae","Collembola_Sminthuridae","Adult","collected",38
2019,8,"20B","D",6,"unburned","Hemiptera","Cicadellidae","Hemiptera_Cicadellidae","Adult","collected",7
2019,8,"20B","D",6,"unburned","Thysanoptera","Aeolothripidae","Thysanoptera_Aeolothripidae","Adult","collected",10
2019,8,"20B","D",6,"unburned","Hemiptera","Cicadellidae","Hemiptera_Cicadellidae","Nymph","collected",10
2019,8,"20B","D",6,"unburned","Coleoptera","Chrysomelidae","Coleoptera_Chrysomelidae","Adult","collected",16
2019,8,"20B","D",6,"unburned","Diptera","Cecidomyiidae","Diptera_Cecidomyiidae","Adult","collected",1
2019,8,"20B","D",6,"unburned","Hymenoptera","Encrytidae","Hymenoptera_Encrytidae","Adult","collected",8
2019,8,"20B","D",6,"unburned","Thysanoptera","Thripidae","Thysanoptera_Thripidae","Adult","collected",25
2019,8,"20B","D",6,"unburned","Hymenoptera","Platygastridae","Hymenoptera_Platygastridae","Adult","collected",4
2019,8,"20B","D",6,"unburned","Collembola","Entomobryidae","Collembola_Entomobryidae","Adult","collected",2
2019,8,"20B","D",6,"unburned","Araneae","Linyphiidae","Araneae_Linyphiidae","Adult","collected",10
2019,8,"20B","D",6,"unburned","Acari","Unknown","Acari_Unknown","Adult","collected",4
2019,8,"20B","D",6,"unburned","Diptera","Chloropidae","Diptera_Chloropidae","Adult","collected",2
2019,8,"20B","D",6,"unburned","Unknown","Unknown","Unknown_Unknown","Larvae","collected",3
2019,8,"20B","D",6,"unburned","Hemiptera","Membracidae","Hemiptera_Membracidae","Adult","collected",1
2019,8,"20B","D",6,"unburned","Hemiptera","Miridae","Hemiptera_Miridae","Nymph","collected",1
2019,8,"20B","D",6,"unburned","Hymenoptera","Eulophidae","Hymenoptera_Eulophidae","Adult","collected",2
2019,8,"20B","D",6,"unburned","Hemiptera","pseudococcidae","Hemiptera_Pseudococcidae","Adult","collected",1
2019,8,"20B","D",6,"unburned","Phasmatodea","phylliidae","Phasmatodea_Phylliidae","Adult","collected",1
2019,8,"20B","D",6,"unburned","Hymenoptera","Trichogrammatidae","Hymenoptera_Trichogrammatidae","Adult","collected",1
2019,8,"20B","D",6,"unburned","Thysanoptera","Thripidae","Thysanoptera_Thripidae","Nymph","collected",7
2019,8,"20B","D",6,"unburned","Hymenoptera","Ichneumonidae","Hymenoptera_Ichneumonidae","Adult","collected",2
2019,8,"20B","D",6,"unburned","Hemiptera","Reduviidae","Hemiptera_Reduviidae","Adult","collected",1
2019,8,"20B","F",1,"unburned","Hymenoptera","Formicidae","Hymenoptera_Formicidae","Adult","collected",1
2019,8,"20B","F",1,"unburned","Hemiptera","Cicadellidae","Hemiptera_Cicadellidae","Nymph","collected",13
2019,8,"20B","F",1,"unburned","Diptera","Cecidomyiidae","Diptera_Cecidomyiidae","Adult","collected",5
2019,8,"20B","F",1,"unburned","Coleoptera","Chrysomelidae","Coleoptera_Chrysomelidae","Adult","collected",27
2019,8,"20B","F",1,"unburned","Thysanoptera","Thripidae","Thysanoptera_Thripidae","Adult","collected",16
2019,8,"20B","F",1,"unburned","Collembola","Sminthuridae","Collembola_Sminthuridae","Adult","collected",47
2019,8,"20B","F",1,"unburned","Hemiptera","Tingidae","Hemiptera_Tingidae","Adult","collected",1
2019,8,"20B","F",1,"unburned","Hymenoptera","Mymaridae","Hymenoptera_Mymaridae","Adult","collected",1
2019,8,"20B","F",1,"unburned","Acari","Unknown","Acari_Unknown","Adult","collected",11
2019,8,"20B","F",1,"unburned","Thysanoptera","Aeolothripidae","Thysanoptera_Aeolothripidae","Adult","collected",3
2019,8,"20B","F",1,"unburned","Hemiptera","Cicadellidae","Hemiptera_Cicadellidae","Adult","collected",5
2019,8,"20B","F",1,"unburned","Diptera","Chloropidae","Diptera_Chloropidae","Adult","collected",1
2019,8,"20B","F",1,"unburned","Hemiptera","Aphididae","Hemiptera_Aphididae","Adult","collected",10
2019,8,"20B","F",1,"unburned","Hymenoptera","Platygastridae","Hymenoptera_Platygastridae","Adult","collected",1
2019,8,"20B","F",1,"unburned","Araneae","Linyphiidae","Araneae_Linyphiidae","Adult","collected",5
2019,8,"20B","F",1,"unburned","Araneae","Salticidae","Araneae_Salticidae","Adult","collected",3
2019,8,"20B","F",1,"unburned","Hymenoptera","Encrytidae","Hymenoptera_Encrytidae","Adult","collected",5
2019,8,"20B","F",1,"unburned","Hymenoptera","Eulophidae","Hymenoptera_Eulophidae","Adult","collected",1
2019,8,"20B","F",1,"unburned","Thysanoptera","Thripidae","Thysanoptera_Thripidae","Nymph","collected",4
2019,8,"20B","F",1,"unburned","Unknown","Unknown","Unknown_Unknown","Larvae","collected",3
2019,8,"20B","F",1,"unburned","Collembola","Entomobryidae","Collembola_Entomobryidae","Adult","collected",2
2019,8,"SpB","F",5,"annual","Orthoptera","Acrididae","Orthoptera_Acrididae","Adult","observed",5
2019,8,"SpB","F",5,"annual","Coleoptera","Chrysomelidae","Coleoptera_Chrysomelidae","Adult","collected",5
2019,8,"SpB","F",5,"annual","Hymenoptera","Mymaridae","Hymenoptera_Mymaridae","Adult","collected",3
2019,8,"SpB","F",5,"annual","Thysanoptera","Thripidae","Thysanoptera_Thripidae","Adult","collected",14
2019,8,"SpB","F",5,"annual","Unknown","Unknown","Unknown_Unknown","Adult","collected",7
2019,8,"SpB","F",5,"annual","Collembola","Sminthuridae","Collembola_Sminthuridae","Adult","collected",8
2019,8,"SpB","F",5,"annual","Hymenoptera","Eulophidae","Hymenoptera_Eulophidae","Adult","collected",2
2019,8,"SpB","F",5,"annual","Hemiptera","Cicadellidae","Hemiptera_Cicadellidae","Nymph","collected",7
2019,8,"SpB","F",5,"annual","Acari","Unknown","Acari_Unknown","Adult","collected",2
2019,8,"SpB","F",5,"annual","Hemiptera","Cicadellidae","Hemiptera_Cicadellidae","Adult","collected",2
2019,8,"SpB","F",5,"annual","Hymenoptera","Trichogrammatidae","Hymenoptera_Trichogrammatidae","Adult","collected",1
2019,8,"SpB","F",5,"annual","Araneae","Salticidae","Araneae_Salticidae","Adult","collected",1
2019,8,"SpB","F",5,"annual","Hemiptera","Reduviidae","Hemiptera_Reduviidae","Adult","collected",1
2019,8,"SpB","F",5,"annual","Diptera","Chloropidae","Diptera_Chloropidae","Adult","collected",1
2019,8,"SpB","F",5,"annual","Hymenoptera","Unknown","Hymenoptera_Unknown","Adult","collected",1
2019,8,"SpB","F",2,"annual","Hymenoptera","Eulophidae","Hymenoptera_Eulophidae","Adult","collected",1
2019,8,"SpB","F",2,"annual","Unknown","Unknown","Unknown_Unknown","Larvae","collected",8
2019,8,"SpB","F",2,"annual","Thysanoptera","Thripidae","Thysanoptera_Thripidae","Adult","collected",3
2019,8,"SpB","F",2,"annual","Coleoptera","Chrysomelidae","Coleoptera_Chrysomelidae","Adult","collected",27
2019,8,"SpB","F",2,"annual","Collembola","Sminthuridae","Collembola_Sminthuridae","Adult","collected",1
2019,8,"SpB","F",2,"annual","Hemiptera","Cicadellidae","Hemiptera_Cicadellidae","Adult","collected",3
2019,8,"SpB","F",2,"annual","Hemiptera","Miridae","Hemiptera_Miridae","Nymph","collected",1
2019,8,"SpB","D",4,"annual","Orthoptera","Acrididae","Orthoptera_Acrididae","Adult","observed",8
2019,8,"SpB","D",4,"annual","Orthoptera","Acrididae","Orthoptera_Acrididae","Adult","collected",1
2019,8,"SpB","D",4,"annual","Orthoptera","Acrididae","Orthoptera_Acrididae","Nymph","collected",4
2019,8,"SpB","D",4,"annual","Hymenoptera","Formicidae","Hymenoptera_Formicidae","Adult","collected",2
2019,8,"SpB","D",4,"annual","Hemiptera","Cicadellidae","Hemiptera_Cicadellidae","Nymph","collected",40
2019,8,"SpB","D",4,"annual","Hemiptera","Cicadellidae","Hemiptera_Cicadellidae","Adult","collected",17
2019,8,"SpB","D",4,"annual","Coleoptera","Chrysomelidae","Coleoptera_Chrysomelidae","Adult","collected",18
2019,8,"SpB","D",4,"annual","Hemiptera","Acanthosomatidae","Hemiptera_Acanthosomatidae","Nymph","collected",1
2019,8,"SpB","D",4,"annual","Acari","Unknown","Acari_Unknown","Adult","collected",15
2019,8,"SpB","D",4,"annual","Thysanoptera","Thripidae","Thysanoptera_Thripidae","Adult","collected",32
2019,8,"SpB","D",4,"annual","Collembola","Sminthuridae","Collembola_Sminthuridae","Adult","collected",14
2019,8,"SpB","D",4,"annual","Hymenoptera","Mymaridae","Hymenoptera_Mymaridae","Adult","collected",10
2019,8,"SpB","D",4,"annual","Diptera","Chloropidae","Diptera_Chloropidae","Adult","collected",2
2019,8,"SpB","D",4,"annual","Hemiptera","Miridae","Hemiptera_Miridae","Nymph","collected",8
2019,8,"SpB","D",4,"annual","Hemiptera","Miridae","Hemiptera_Miridae","Adult","collected",7
2019,8,"SpB","D",4,"annual","Hymenoptera","Formicidae","Hymenoptera_Formicidae","Adult","collected",3
2019,8,"SpB","D",4,"annual","Collembola","Entomobryidae","Collembola_Entomobryidae","Adult","collected",7
2019,8,"SpB","D",4,"annual","Coleoptera","Curculionidae","Coleoptera_Curculionidae","Adult","collected",1
2019,8,"SpB","D",4,"annual","Lepidoptera","Crambidae","Lepidoptera_Crambidae","Adult","collected",1
2019,8,"SpB","D",4,"annual","Hymenoptera","Halictidae","Hymenoptera_Halictidae","Adult","collected",1
2019,8,"SpB","D",4,"annual","Araneae","Philodromidae","Araneae_Philodromidae","Adult","collected",1
2019,8,"SpB","D",4,"annual","Hemiptera","Membracidae","Hemiptera_Membracidae","Adult","collected",2
2019,8,"SpB","D",4,"annual","Hymenoptera","Trichogrammatidae","Hymenoptera_Trichogrammatidae","Adult","collected",2
2019,8,"SpB","D",4,"annual","Hymenoptera","Encrytidae","Hymenoptera_Encrytidae","Adult","collected",2
2019,8,"SpB","D",4,"annual","Araneae","Linyphiidae","Araneae_Linyphiidae","Adult","collected",3
2019,8,"SpB","D",4,"annual","Hymenoptera","Platygastridae","Hymenoptera_Platygastridae","Adult","collected",1
2019,8,"SpB","D",4,"annual","Unknown","Unknown","Unknown_Unknown","Larvae","collected",1
2019,8,"SpB","D",4,"annual","Phasmatodea","Heteronemiidae","Phasmatodea_Heteronemiidae","Adult","collected",1
2019,8,"SpB","D",2,"annual","Orthoptera","Acrididae","Orthoptera_Acrididae","Adult","observed",2
2019,8,"SpB","D",2,"annual","Orthoptera","Acrididae","Orthoptera_Acrididae","Adult","collected",2
2019,8,"SpB","D",2,"annual","Acari","Unknown","Acari_Unknown","Adult","collected",9
2019,8,"SpB","D",2,"annual","Coleoptera","Chrysomelidae","Coleoptera_Chrysomelidae","Adult","collected",21
2019,8,"SpB","D",2,"annual","Hemiptera","Cicadellidae","Hemiptera_Cicadellidae","Adult","collected",12
2019,8,"SpB","D",2,"annual","Hemiptera","Cicadellidae","Hemiptera_Cicadellidae","Nymph","collected",32
2019,8,"SpB","D",2,"annual","Unknown","Unknown","Unknown_Unknown","Larvae","collected",11
2019,8,"SpB","D",2,"annual","Collembola","Entomobryidae","Collembola_Entomobryidae","Adult","collected",8
2019,8,"SpB","D",2,"annual","Collembola","Sminthuridae","Collembola_Sminthuridae","Adult","collected",4
2019,8,"SpB","D",2,"annual","Thysanoptera","Thripidae","Thysanoptera_Thripidae","Adult","collected",10
2019,8,"SpB","D",2,"annual","Hymenoptera","Mymaridae","Hymenoptera_Mymaridae","Adult","collected",4
2019,8,"SpB","D",2,"annual","Thysanoptera","Aeolothripidae","Thysanoptera_Aeolothripidae","Adult","collected",8
2019,8,"SpB","D",2,"annual","Hemiptera","Miridae","Hemiptera_Miridae","Nymph","collected",3
2019,8,"SpB","D",2,"annual","Hemiptera","Miridae","Hemiptera_Miridae","Adult","collected",5
2019,8,"SpB","D",2,"annual","Hemiptera","Membracidae","Hemiptera_Membracidae","Adult","collected",2
2019,8,"SpB","D",2,"annual","Araneae","Linyphiidae","Araneae_Linyphiidae","Adult","collected",4
2019,8,"SpB","D",2,"annual","Araneae","Salticidae","Araneae_Salticidae","Adult","collected",1
2019,8,"SpB","D",2,"annual","Diptera","Chloropidae","Diptera_Chloropidae","Adult","collected",2
2019,8,"SpB","D",2,"annual","Hymenoptera","Eulophidae","Hymenoptera_Eulophidae","Adult","collected",1
2019,8,"SpB","D",2,"annual","Hymenoptera","Eulophidae","Hymenoptera_Eulophidae","Adult","collected",1
2019,8,"SpB","D",2,"annual","Araneae","Philodromidae","Araneae_Philodromidae","Adult","collected",2
2019,8,"20C","C",3,"unburned","Hemiptera","Cicadellidae","Hemiptera_Cicadellidae","Adult","collected",4
2019,8,"20C","C",3,"unburned","Coleoptera","Chrysomelidae","Coleoptera_Chrysomelidae","Adult","collected",15
2019,8,"20C","C",3,"unburned","Collembola","Sminthuridae","Collembola_Sminthuridae","Adult","collected",38
2019,8,"20C","C",3,"unburned","Araneae","Linyphiidae","Araneae_Linyphiidae","Adult","collected",8
2019,8,"20C","C",3,"unburned","Araneae","Philodromidae","Araneae_Philodromidae","Adult","collected",3
2019,8,"20C","C",3,"unburned","Hemiptera","Cicadellidae","Hemiptera_Cicadellidae","Nymph","collected",2
2019,8,"20C","C",3,"unburned","Thysanoptera","Aeolothripidae","Thysanoptera_Aeolothripidae","Adult","collected",2
2019,8,"20C","C",3,"unburned","Hemiptera","Miridae","Hemiptera_Miridae","Nymph","collected",7
2019,8,"20C","C",3,"unburned","Unknown","Unknown","Unknown_Unknown","Larvae","collected",2
2019,8,"20C","C",3,"unburned","Diptera","Chloropidae","Diptera_Chloropidae","Adult","collected",2
2019,8,"20C","C",3,"unburned","Araneae","Salticidae","Araneae_Salticidae","Adult","collected",2
2019,8,"20C","C",3,"unburned","Hymenoptera","Formicidae","Hymenoptera_Formicidae","Adult","collected",2
2019,8,"20C","C",3,"unburned","Thysanoptera","Thripidae","Thysanoptera_Thripidae","Adult","collected",2
2019,8,"20C","C",3,"unburned","Hymenoptera","Encrytidae","Hymenoptera_Encrytidae","Adult","collected",8
2019,8,"20C","C",3,"unburned","Hymenoptera","Eulophidae","Hymenoptera_Eulophidae","Adult","collected",2
2019,8,"20C","C",3,"unburned","Hymenoptera","Mymaridae","Hymenoptera_Mymaridae","Adult","collected",26
2019,8,"20C","C",3,"unburned","Acari","Unknown","Acari_Unknown","Adult","collected",1
2019,8,"SpB","D",3,"annual","Orthoptera","Acrididae","Orthoptera_Acrididae","Adult","observed",3
2019,8,"SpB","D",3,"annual","Coleoptera","Curculionidae","Coleoptera_Curculionidae","Adult","collected",10
2019,8,"SpB","D",3,"annual","Araneae","Oxyopidae","Araneae_Oxyopidae","Adult","collected",4
2019,8,"SpB","D",3,"annual","Araneae","Linyphiidae","Araneae_Linyphiidae","Adult","collected",8
2019,8,"SpB","D",3,"annual","Hemiptera","Cicadellidae","Hemiptera_Cicadellidae","Adult","collected",39
2019,8,"SpB","D",3,"annual","Coleoptera","Chrysomelidae","Coleoptera_Chrysomelidae","Adult","collected",156
2019,8,"SpB","D",3,"annual","Collembola","Entomobryidae","Collembola_Entomobryidae","Adult","collected",38
2019,8,"SpB","D",3,"annual","Hemiptera","Cicadellidae","Hemiptera_Cicadellidae","Nymph","collected",72
2019,8,"SpB","D",3,"annual","Collembola","Sminthuridae","Collembola_Sminthuridae","Adult","collected",35
2019,8,"SpB","D",3,"annual","Hemiptera","Miridae","Hemiptera_Miridae","Nymph","collected",7
2019,8,"SpB","D",3,"annual","Hymenoptera","Eulophidae","Hymenoptera_Eulophidae","Adult","collected",5
2019,8,"SpB","D",3,"annual","Hemiptera","Pentatomidae","Hemiptera_Pentatomidae","Adult","collected",1
2019,8,"SpB","D",3,"annual","Thysanoptera","Thripidae","Thysanoptera_Thripidae","Adult","collected",7
2019,8,"SpB","D",3,"annual","Acari","Unknown","Acari_Unknown","Adult","collected",12
2019,8,"SpB","D",3,"annual","Lepidoptera","Crambidae","Lepidoptera_Crambidae","Adult","collected",1
2019,8,"SpB","D",3,"annual","Unknown","Unknown","Unknown_Unknown","Larvae","collected",51
2019,8,"SpB","D",3,"annual","Hymenoptera","Formicidae","Hymenoptera_Formicidae","Adult","collected",1
2019,8,"SpB","D",3,"annual","Araneae","Salticidae","Araneae_Salticidae","Adult","collected",11
2019,8,"SpB","D",3,"annual","Araneae","Araneidae","Araneae_Araneidae","Adult","collected",2
2019,8,"SpB","D",3,"annual","Araneae","Clubionidae","Araneae_Clubionidae","Adult","collected",1
2019,8,"SpB","D",3,"annual","Hymenoptera","Mymaridae","Hymenoptera_Mymaridae","Adult","collected",11
2019,8,"SpB","D",3,"annual","Hymenoptera","Encrytidae","Hymenoptera_Encrytidae","Adult","collected",6
2019,8,"SpB","D",3,"annual","Hemiptera","Reduviidae","Hemiptera_Reduviidae","Nymph","collected",1
2019,8,"SpB","D",3,"annual","Thysanoptera","Thripidae","Thysanoptera_Thripidae","Nymph","collected",24
2019,8,"SpB","D",3,"annual","Araneae","Philodromidae","Araneae_Philodromidae","Adult","collected",10
2019,8,"SpB","D",3,"annual","Diptera","Chloropidae","Diptera_Chloropidae","Adult","collected",13
2019,8,"SpB","D",3,"annual","Hymenoptera","Eupelmidae","Hymenoptera_Eulophidae","Adult","collected",2
2019,8,"SpB","D",3,"annual","Thysanoptera","Aeolothripidae","Thysanoptera_Aeolothripidae","Adult","collected",3
2019,8,"SpB","D",3,"annual","Hymenoptera","Ichneumonidae","Hymenoptera_Ichneumonidae","Adult","collected",2
2019,8,"SpB","D",3,"annual","Hymenoptera","Platygastridae","Hymenoptera_Platygastridae","Adult","collected",4
2019,8,"SpB","D",3,"annual","Hemiptera","Psilidae","Hemiptera_Psilidae","Adult","collected",5
2019,8,"SpB","D",3,"annual","Hemiptera","Miridae","Hemiptera_Miridae","Adult","collected",5
2019,8,"SpB","D",3,"annual","Diptera","Cecidomyiidae","Diptera_Cecidomyiidae","Adult","collected",4
2019,8,"SpB","D",3,"annual","Diptera","Chamaemyiidae","Diptera_Chamaemyiidae","Adult","collected",1
2019,8,"SpB","D",3,"annual","Millipede","Diplopoda","Millipede_Diplopoda","Adult","collected",1
2019,8,"SpB","D",3,"annual","Diptera","Phoridae","Diptera_Phoridae","Adult","collected",2
2019,8,"SpB","D",3,"annual","Lepidoptera","Unknown","Lepidoptera_unknown","Larvae","collected",1
2019,8,"SpB","D",3,"annual","Unknown","Unknown","Unknown_Unknown","Adult","collected",1
2019,8,"SpB","D",6,"annual","Orthoptera","Acrididae","Orthoptera_Acrididae","Adult","observed",4
2019,8,"SpB","D",6,"annual","Hymenoptera","Ichneumonidae","Hymenoptera_Ichneumonidae","Adult","collected",1
2019,8,"SpB","D",6,"annual","Diptera","Chloropidae","Diptera_Chloropidae","Adult","collected",2
2019,8,"SpB","D",6,"annual","Acari","Unknown","Acari_Unknown","Adult","collected",4
2019,8,"SpB","D",6,"annual","Hemiptera","Cicadellidae","Hemiptera_Cicadellidae","Adult","collected",2
2019,8,"SpB","D",6,"annual","Thysanoptera","Thripidae","Thysanoptera_Thripidae","Adult","collected",2
2019,8,"SpB","D",6,"annual","Hemiptera","Cicadellidae","Hemiptera_Cicadellidae","Nymph","collected",13
2019,8,"SpB","D",6,"annual","Thysanoptera","Thripidae","Thysanoptera_Thripidae","Nymph","collected",6
2019,8,"SpB","D",6,"annual","Coleoptera","Chrysomelidae","Coleoptera_Chrysomelidae","Adult","collected",3
2019,8,"SpB","D",6,"annual","Collembola","Sminthuridae","Collembola_Sminthuridae","Adult","collected",4
2019,8,"SpB","D",6,"annual","Unknown","Unknown","Unknown_Unknown","Larvae","collected",6
2019,8,"SpB","D",6,"annual","Collembola","Entomobryidae","Collembola_Entomobryidae","Adult","collected",2
2019,8,"SpB","D",6,"annual","Hymenoptera","Mymaridae","Hymenoptera_Mymaridae","Adult","collected",7
2019,8,"SpB","D",6,"annual","Araneae","Clubionidae","Araneae_Clubionidae","Adult","collected",4
2019,8,"SpB","D",6,"annual","Hymenoptera","Eulophidae","Hymenoptera_Eulophidae","Adult","collected",2
2019,8,"SpB","D",6,"annual","Diptera","Cecidomyiidae","Diptera_Cecidomyiidae","Adult","collected",1
2019,8,"SpB","D",5,"annual","Orthoptera","Acrididae","Orthoptera_Acrididae","Adult","observed",8
2019,8,"SpB","D",5,"annual","Orthoptera","Acrididae","Orthoptera_Acrididae","Nymph","collected",1
2019,8,"SpB","D",5,"annual","Phasmatodea","Heteronemiidae","Phasmatodae_Heteronemiidae","Adult","collected",1
2019,8,"SpB","D",5,"annual","Hemiptera","Cicadellidae","Hemiptera_Cicadellidae","Adult","collected",17
2019,8,"SpB","D",5,"annual","Thysanoptera","Aeolothripidae","Thysanoptera_Aeolothripidae","Adult","collected",5
2019,8,"SpB","D",5,"annual","Acari","Unknown","Acari_Unknown","Adult","collected",26
2019,8,"SpB","D",5,"annual","Hemiptera","Cicadellidae","Hemiptera_Cicadellidae","Nymph","collected",63
2019,8,"SpB","D",5,"annual","Coleoptera","Chrysomelidae","Coleoptera_Chrysomelidae","Adult","collected",38
2019,8,"SpB","D",5,"annual","Collembola","Sminthuridae","Collembola_Sminthuridae","Adult","collected",68
2019,8,"SpB","D",5,"annual","Thysanoptera","Thripidae","Thysanoptera_Thripidae","Nymph","collected",28
2019,8,"SpB","D",5,"annual","Unknown","Unknown","Unknown_Unknown","Larvae","collected",43
2019,8,"SpB","D",5,"annual","Collembola","Entomobryidae","Collembola_Entomobryidae","Adult","collected",4
2019,8,"SpB","D",5,"annual","Thysanoptera","Thripidae","Thysanoptera_Thripidae","Adult","collected",5
2019,8,"SpB","D",5,"annual","Hymenoptera","Braconidae","Hymenoptera_Braconidae","Adult","collected",2
2019,8,"SpB","D",5,"annual","Hemiptera","Miridae","Hemiptera_Miridae","Nymph","collected",13
2019,8,"SpB","D",5,"annual","Araneae","Araneidae","Araneae_Araneidae","Adult","collected",1
2019,8,"SpB","D",5,"annual","Diptera","Cecidomyiidae","Diptera_Cecidomyiidae","Adult","collected",3
2019,8,"SpB","D",5,"annual","Hymenoptera","Mymaridae","Hymenoptera_Mymaridae","Adult","collected",10
2019,8,"SpB","D",5,"annual","Hymenoptera","Eulophidae","Hymenoptera_Eulophidae","Adult","collected",4
2019,8,"SpB","D",5,"annual","Diptera","Phoridae","Diptera_Phoridae","Adult","collected",1
2019,8,"SpB","D",5,"annual","Hymenoptera","Chalcididae","Hymenoptera_Chalcididae","Adult","collected",1
2019,8,"SpB","D",5,"annual","Hemiptera","Miridae","Hemiptera_Miridae","Adult","collected",3
2019,8,"SpB","D",5,"annual","Hymenoptera","Platygastridae","Hymenoptera_Platygastridae","Adult","collected",1
2019,8,"SpB","D",5,"annual","Diptera","Chloropidae","Diptera_Chloropidae","Adult","collected",1
2019,8,"SpB","D",5,"annual","Araneae","Salticidae","Araneae_Salticidae","Adult","collected",2
2019,8,"SpB","D",5,"annual","Hemiptera","Encrytidae","Hemiptera_Encrytidae","Adult","collected",1
2019,8,"SpB","E",1,"annual","Orthoptera","Acrididae","Orthoptera_Acrididae","Adult","observed",5
2019,8,"SpB","E",1,"annual","Orthoptera","Acrididae","Orthoptera_Acrididae","Nymph","collected",1
2019,8,"SpB","E",1,"annual","Hemiptera","Miridae","Hemiptera_Miridae","Nymph","collected",2
2019,8,"SpB","E",1,"annual","Hemiptera","Cicadellidae","Hemiptera_Cicadellidae","Adult","collected",3
2019,8,"SpB","E",1,"annual","Hemiptera","Cicadellidae","Hemiptera_Cicadellidae","Nymph","collected",17
2019,8,"SpB","E",1,"annual","Coleoptera","Chrysomelidae","Coleoptera_Chrysomelidae","Adult","collected",13
2019,8,"SpB","E",1,"annual","Collembola","Sminthuridae","Collembola_Sminthuridae","Adult","collected",17
2019,8,"SpB","E",1,"annual","Thysanoptera","Thripidae","Thysanoptera_Thripidae","Nymph","collected",6
2019,8,"SpB","E",1,"annual","Diptera","Cecidomyiidae","Diptera_Cecidomyiidae","Adult","collected",3
2019,8,"SpB","E",1,"annual","Unknown","Unknown","Unknown_Unknown","Larvae","collected",16
2019,8,"SpB","E",1,"annual","Hymenoptera","Trichogrammatidae","Hymenoptera_Trichogrammatiade","Adult","collected",3
2019,8,"SpB","E",1,"annual","Hymenoptera","Mymaridae","Hymenoptera_Mymaridae","Adult","collected",4
2019,8,"SpB","E",1,"annual","Araneae","Lycosidae","Araneae_Lycosidae","Adult","collected",1
2019,8,"SpB","E",1,"annual","Araneae","Philodromidae","Araneae_Philodromidae","Adult","collected",1
2019,8,"SpB","E",1,"annual","Thysanoptera","Thripidae","Thysanoptera_Thripidae","Adult","collected",4
2019,8,"SpB","E",1,"annual","Hymenoptera","Encrytidae","Hymenoptera_Encrytidae","Adult","collected",1
2019,8,"SpB","E",1,"annual","Araneae","Linyphiidae","Araneae_Linyphiidae","Adult","collected",1
2019,8,"SpB","E",1,"annual","Thysanoptera","Aeolothripidae","Thysanoptera_Aeolothripidae","Adult","collected",1
2019,8,"SpB","E",1,"annual","Acari","Unknown","Acari_Unknown","Adult","collected",3
2019,8,"SpB","E",3,"annual","Orthoptera","Acrididae","Orthoptera_Acrididae","Adult","observed",2
2019,8,"SpB","E",3,"annual","Orthoptera","Tettigoniidae","Orthoptera_Tettigoniidae","Nymph","collected",1
2019,8,"SpB","E",3,"annual","Hemiptera","Cicadellidae","Hemiptera_Cicadellidae","Adult","collected",9
2019,8,"SpB","E",3,"annual","Hemiptera","Miridae","Hemiptera_Miridae","Adult","collected",4
2019,8,"SpB","E",3,"annual","Acari","Unknown","Acari_Unknown","Adult","collected",16
2019,8,"SpB","E",3,"annual","Hemiptera","Cicadellidae","Hemiptera_Cicadellidae","Nymph","collected",18
2019,8,"SpB","E",3,"annual","Collembola","Sminthuridae","Collembola_Sminthuridae","Adult","collected",35
2019,8,"SpB","E",3,"annual","Unknown","Unknown","Unknown_Unknown","Larvae","collected",41
2019,8,"SpB","E",3,"annual","Hymenoptera","Mymaridae","Hymenoptera_Mymaridae","Adult","collected",1
2019,8,"SpB","E",3,"annual","Thysanoptera","Thripidae","Thysanoptera_Thripidae","Nymph","collected",8
2019,8,"SpB","E",3,"annual","Coleoptera","Chrysomelidae","Coleoptera_Chrysomelidae","Adult","collected",17
2019,8,"SpB","E",3,"annual","Diptera","Cecidomyiidae","Diptera_Cecidomyiidae","Adult","collected",2
2019,8,"SpB","E",3,"annual","Hymenoptera","Mymaridae","Hymenoptera_Mymaridae","Adult","collected",5
2019,8,"SpB","E",3,"annual","Hymenoptera","Trichogrammatidae","Hymenoptera_Trichogrammatiade","Adult","collected",4
2019,8,"SpB","E",3,"annual","Diptera","Chloropidae","Diptera_Chloropidae","Adult","collected",1
2019,8,"SpB","E",3,"annual","Coleoptera","Scathophagidae","Coleoptera_Scathophagidae","Adult","collected",1
2019,8,"SpB","E",3,"annual","Araneae","Linyphiidae","Araneae_Linyphiidae","Adult","collected",3
2019,8,"SpB","E",3,"annual","Hemiptera","Miridae","Hemiptera_Miridae","Nymph","collected",4
2019,8,"SpB","E",3,"annual","Hymenoptera","Formicidae","Hymenoptera_Formicidae","Adult","collected",2
2019,8,"SpB","E",3,"annual","Hymenoptera","Eulophidae","Hymenoptera_Eulophidae","Adult","collected",1
2019,8,"SpB","E",3,"annual","Araneae","Salticidae","Araneae_Salticidae","Adult","collected",1
2019,8,"SpB","E",3,"annual","Collembola","Entomobryidae","Collembola_Entomobryidae","Adult","collected",1
2019,8,"SpB","E",3,"annual","Phasmatodea","Phylliidae","Phasmatodae_Phylliidae","Adult","collected",1
2019,8,"SpB","E",3,"annual","Hymenoptera","Encrytidae","Hemiptera_Encrytidae","Adult","collected",1
2019,8,"1D","C",5,"annual","Coleoptera","Curculionidae","Coleoptera_Curculionidae","Adult","collected",1
2019,8,"1D","C",5,"annual","Acari","Unknown","Acari_Unknown","Adult","collected",127
2019,8,"1D","C",5,"annual","Thysanoptera","Thripidae","Thysanoptera_Thripidae","Nymph","collected",16
2019,8,"1D","C",5,"annual","Coleoptera","Chrysomelidae","Coleoptera_Chrysomelidae","Adult","collected",25
2019,8,"1D","C",5,"annual","Hemiptera","Miridae","Hemiptera_Miridae","Adult","collected",6
2019,8,"1D","C",5,"annual","Lepidoptera","Unknown","Lepidoptera_Unknown","Larvae","collected",1
2019,8,"1D","C",5,"annual","Collembola","Sminthuridae","Collembola_Sminthuridae","Adult","collected",6
2019,8,"1D","C",5,"annual","Unknown","Unknown","Unknown_Unknown","Larvae","collected",83
2019,8,"1D","C",5,"annual","Hemiptera","Cicadellidae","Hemiptera_Cicadellidae","Nymph","collected",19
2019,8,"1D","C",5,"annual","Hemiptera","Cicadellidae","Hemiptera_Cicadellidae","Adult","collected",9
2019,8,"1D","C",5,"annual","Hymenoptera","Mymaridae","Hymenoptera_Mymaridae","Adult","collected",5
2019,8,"1D","C",5,"annual","Collembola","Entomobryidae","Collembola_Entomobryidae","Adult","collected",10
2019,8,"1D","C",5,"annual","Hymenoptera","Formicidae","Hymenoptera_Formicidae","Adult","collected",3
2019,8,"1D","C",5,"annual","Araneae","Philodromidae","Araneae_Philodromidae","Adult","collected",3
2019,8,"1D","C",5,"annual","Araneae","Linyphiidae","Araneae_Linyphiidae","Adult","collected",2
2019,8,"1D","C",5,"annual","Diptera","Cecidomyiidae","Diptera_Cecidomyiidae","Adult","collected",4
2019,8,"1D","C",5,"annual","Thysanoptera","Thripidae","Thysanoptera_Thripidae","Adult","collected",8
2019,8,"1D","C",5,"annual","Araneae","Araneidae","Araneae_Araneidae","Adult","collected",1
2019,8,"1D","C",5,"annual","Thysanoptera","Aeolothripidae","Thysanoptera_Aeolothripidae","Adult","collected",2
2019,8,"1D","C",5,"annual","Hemiptera","Miridae","Hemiptera_Miridae","Nymph","collected",12
2019,8,"1D","C",5,"annual","Hymenoptera","Eulophidae","Hymenoptera_Eulophidae","Adult","collected",5
2019,8,"1D","C",5,"annual","Unknown","Unknown","Unknown_Unknown","Adult","collected",1
2019,8,"1D","C",5,"annual","Hemiptera","Unknown","Hemiptera_Unknown","Adult","collected",1
2019,8,"1D","C",5,"annual","Psocoptera","Unknown","Psocoptera_Unknown","Nymph","collected",3
2019,8,"1D","B",3,"annual","Orthoptera","Acrididae","Orthoptera_Acrididae","Adult","observed",6
2019,8,"1D","B",3,"annual","Coleoptera","Chrysomelidae","Coleoptera_Chrysomelidae","Adult","collected",15
2019,8,"1D","B",3,"annual","Araneae","Lycosidae","Araneae_Lycoside","Adult","collected",1
2019,8,"1D","B",3,"annual","Diptera","Chloropidae","Diptera_Chloropidae","Adult","collected",5
2019,8,"1D","B",3,"annual","Collembola","Entomobryidae","Collembola_Entomobryidae","Adult","collected",33
2019,8,"1D","B",3,"annual","Collembola","Sminthuridae","Collembola_Sminthuridae","Adult","collected",38
2019,8,"1D","B",3,"annual","Thysanoptera","Thripidae","Thysanoptera_Thripidae","Adult","collected",12
2019,8,"1D","B",3,"annual","Unknown","Unknown","Unknown_Unknown","Larvae","collected",42
2019,8,"1D","B",3,"annual","Hymenoptera","Mymaridae","Hymenoptera_Mymaridae","Adult","collected",12
2019,8,"1D","B",3,"annual","Acari","Unknown","Acari_Unknown","Adult","collected",29
2019,8,"1D","B",3,"annual","Hemiptera","Cicadellidae","Hemiptera_Cicadellidae","Nymph","collected",12
2019,8,"1D","B",3,"annual","Hemiptera","Miridae","Hemiptera_Miridae","Nymph","collected",9
2019,8,"1D","B",3,"annual","Hymenoptera","Formicidae","Hymenoptera_Formicidae","Adult","collected",10
2019,8,"1D","B",3,"annual","Hemiptera","Cicadellidae","Hemiptera_Cicadellidae","Adult","collected",2
2019,8,"1D","B",3,"annual","Thysanoptera","Aeolothripidae","Thysanoptera_Aeolothripidae","Adult","collected",2
2019,8,"1D","B",3,"annual","Araneae","Linyphiidae","Araneae_Linyphiidae","Adult","collected",1
2019,8,"1D","B",3,"annual","Diptera","Cecidomyiidae","Diptera_Cecidomyiidae","Adult","collected",5
2019,8,"1D","B",3,"annual","Hymenoptera","Eulophidae","Hymenoptera_Eulophidae","Adult","collected",1
2019,8,"1D","B",3,"annual","Thysanoptera","Thripidae","Thysanoptera_Thripidae","Nymph","collected",12
2019,8,"1D","B",3,"annual","Araneae","Philodromidae","Araneae_Philodromidae","Adult","collected",1
2019,8,"1D","B",3,"annual","Araneae","Salticidae","Araneae_Salticidae","Adult","collected",1
2019,8,"1D","C",2,"annual","Unknown","Unknown","Unknown_Unknown","Larvae","collected",111
2019,8,"1D","C",2,"annual","Collembola","Sminthuridae","Collembola_Sminthuridae","Adult","collected",38
2019,8,"1D","C",2,"annual","Hemiptera","Cicadellidae","Hemiptera_Cicadellidae","Nymph","collected",22
2019,8,"1D","C",2,"annual","Hymenoptera","Encrytidae","Hymenoptera_Encrytidae","Adult","collected",4
2019,8,"1D","C",2,"annual","Diptera","Cecidomyiidae","Diptera_Cecidomyiidae","Adult","collected",2
2019,8,"1D","C",2,"annual","Collembola","Entomobryidae","Collembola_Entomobryidae","Adult","collected",9
2019,8,"1D","C",2,"annual","Acari","Unknown","Acari_Unknown","Adult","collected",51
2019,8,"1D","C",2,"annual","Hemiptera","Cicadellidae","Hemiptera_Cicadellidae","Adult","collected",9
2019,8,"1D","C",2,"annual","Coleoptera","Chrysomelidae","Coleoptera_Chrysomelidae","Adult","collected",18
2019,8,"1D","C",2,"annual","Thysanoptera","Thripidae","Thysanoptera_Thripidae","Adult","collected",32
2019,8,"1D","C",2,"annual","Hymenoptera","Trichogrammatidae","Hymenoptera_Trichogrammatidae","Adult","collected",9
2019,8,"1D","C",2,"annual","Hemiptera","Miridae","Hemiptera_Miridae","Nymph","collected",10
2019,8,"1D","C",2,"annual","Hymenoptera","Mymaridae","Hymenoptera_Mymaridae","Adult","collected",4
2019,8,"1D","C",2,"annual","Thysanoptera","Aeolothripidae","Thysanoptera_Aeolothripidae","Adult","collected",7
2019,8,"1D","C",2,"annual","Araneae","Linyphiidae","Araneae_Linyphiidae","Adult","collected",2
2019,8,"1D","C",2,"annual","Hymenoptera","Formicidae","Hymenoptera_Formicidae","Adult","collected",3
2019,8,"1D","C",2,"annual","Araneae","Philodromidae","Araneae_Philodromidae","Adult","collected",1
2019,8,"1D","C",2,"annual","Hymenoptera","Platygastridae","Hymenoptera_Platygastridae","Adult","collected",2
2019,8,"1D","C",2,"annual","Hymenoptera","Eulophidae","Hymenoptera_Eulophidae","Adult","collected",2
2019,8,"1D","C",2,"annual","Lepidoptera","Unknown","Unknown_Unknown","Larvae","collected",1
2019,8,"1D","C",2,"annual","Hymenoptera","Ichneumonidae","Hymenoptera_Ichneumonidae","Adult","collected",1
2019,8,"1D","C",2,"annual","Hemiptera","Tingidae","Hemiptera_Tingidae","Adult","collected",1
2019,8,"1D","C",2,"annual","Araneae","Salticidae","Araneae_Salticidae","Adult","collected",2
2019,8,"1D","C",2,"annual","Diptera","Phoridae","Diptera_Phoridae","Adult","collected",1
2019,8,"1D","C",2,"annual","Diptera","Chrysomelidae","Diptera_Chrysomelidae","Adult","collected",1
2019,8,"20C","B",2,"unburned","Hymenoptera","Formicidae","Hymenoptera_Formicidae","Adult","collected",2
2019,8,"20C","B",2,"unburned","Hemiptera","Cicadellidae","Hemiptera_Cicadellidae","Adult","collected",6
2019,8,"20C","B",2,"unburned","Acari","Unknown","Acari_Unknown","Adult","collected",49
2019,8,"20C","B",2,"unburned","Thysanoptera","Thripidae","Thysanoptera_Thripidae","Adult","collected",16
2019,8,"20C","B",2,"unburned","Collembola","Sminthuridae","Collembola_Sminthuridae","Adult","collected",19
2019,8,"20C","B",2,"unburned","Hemiptera","Cicadellidae","Hemiptera_Cicadellidae","Nymph","collected",9
2019,8,"20C","B",2,"unburned","Collembola","Entomobryidae","Collembola_Entomobryidae","Adult","collected",4
2019,8,"20C","B",2,"unburned","Araneae","Salticidae","Araneae_Salticidae","Adult","collected",1
2019,8,"20C","B",2,"unburned","Coleoptera","Chrysomelidae","Coleoptera_Chrysomelidae","Adult","collected",5
2019,8,"20C","B",2,"unburned","Araneae","Philodromidae","Araneae_Philodromidae","Adult","collected",1
2019,8,"20C","B",2,"unburned","Araneae","Linyphiidae","Araneae_Linyphiidae","Adult","collected",1
2019,8,"20C","B",2,"unburned","Hymenoptera","Chalcididae","Hymenoptera_Chalcidae","Adult","collected",1
2019,8,"20C","B",2,"unburned","Hymenoptera","Braconidae","Hymenoptera_Braconidae","Adult","collected",1
2019,8,"20C","B",2,"unburned","Hymenoptera","Eupelmidae","Hymenoptera_Eupelmidae","Adult","collected",1
2019,8,"20C","B",2,"unburned","Hymenoptera","Eulophidae","Hymenoptera_Eulophidae","Adult","collected",6
2019,8,"20C","B",2,"unburned","Hymenoptera","Encrytidae","Hymenoptera_Encrytidae","Adult","collected",3
2019,8,"20C","B",2,"unburned","Hymenoptera","Trichogrammatidae","Hymenoptera_Trichogrammatidae","Adult","collected",2
2019,8,"20C","B",2,"unburned","Hymenoptera","Platygastridae","Hymenoptera_Platygastridae","Adult","collected",1
2019,8,"20C","B",2,"unburned","Hymenoptera","Mymaridae","Hymenoptera_Mymaridae","Adult","collected",2
2019,8,"20C","B",2,"unburned","Unknown","Unknown","Unknown_Unknown","Larvae","collected",1
2019,8,"20C","B",2,"unburned","Unknown","Unknown","Unknown_Unknown","Larvae","collected",1
2019,8,"20C","B",2,"unburned","Unknown","Unknown","Unknown_Unknown","Larvae","collected",1
2019,8,"20C","C",4,"unburned","Orthoptera","Acrididae","Orthoptera_Acrididae","Adult","collected",2
2019,8,"20C","C",4,"unburned","Hemiptera","Cicadellidae","Hemiptera_Cicadellidae","Adult","collected",5
2019,8,"20C","C",4,"unburned","Hemiptera","Miridae","Hemiptera_Miridae","Nymph","collected",66
2019,8,"20C","C",4,"unburned","Coleoptera","Mordellidae","Coleoptera_Mordellidae","Adult","collected",1
2019,8,"20C","C",4,"unburned","Thysanoptera","Thripidae","Thysanoptera_Thripidae","Adult","collected",6
2019,8,"20C","C",4,"unburned","Hemiptera","Miridae","Hemiptera_Miridae","Adult","collected",4
2019,8,"20C","C",4,"unburned","Hymenoptera","Formicidae","Hymenoptera_Formicidae","Larvae","collected",1
2019,8,"20C","C",4,"unburned","Hemiptera","Cicadellidae","Hemiptera_Cicadellidae","Nymph","collected",4
2019,8,"20C","C",4,"unburned","Acari","Unknown","Acari_Unknown","Adult","collected",11
2019,8,"20C","C",4,"unburned","Collembola","Sminthuridae","Collembola_Sminthuridae","Adult","collected",3
2019,8,"20C","C",4,"unburned","Coleoptera","Chrysomelidae","Coleoptera_Chrysomelidae","Adult","collected",8
2019,8,"20C","C",4,"unburned","Collembola","Entomobryidae","Collembola_Entomobryidae","Adult","collected",4
2019,8,"20C","C",4,"unburned","Araneae","Anyphaenidae","Araneae_Anyphaenidae","Adult","collected",1
2019,8,"20C","C",4,"unburned","Araneae","Salticidae","Araneae_Salticidae","Adult","collected",3
2019,8,"20C","A",5,"unburned","Coleoptera","Chrysomelidae","Coleoptera_Chrysomelidae","Adult","collected",3
2019,8,"20C","A",5,"unburned","Hymenoptera","Formicidae","Hymenoptera_Formicidae","Adult","collected",2
2019,8,"20C","A",5,"unburned","Hymenoptera","Braconidae","Hymenoptera_Braconidae","Adult","collected",3
2019,8,"20C","A",5,"unburned","Thysanoptera","Thripidae","Thysanoptera_Thripidae","Adult","collected",2
2019,8,"20C","A",5,"unburned","Hemiptera","Cicadellidae","Hemiptera_Cicadellidae","Adult","collected",3
2019,8,"20C","A",5,"unburned","Hemiptera","Cicadellidae","Hemiptera_Cicadellidae","Nymph","collected",7
2019,8,"20C","A",5,"unburned","Araneae","Salticidae","Araneae_Salticidae","Adult","collected",2
2019,8,"20C","A",5,"unburned","Hymenoptera","Platygastridae","Hymenoptera_Platygastridae","Adult","collected",2
2019,8,"20C","A",5,"unburned","Hemiptera","Geocoridae","Hemiptera_Geocoridae","Nymph","collected",2
2019,8,"20C","A",5,"unburned","Hemiptera","Reduviidae","Hemiptera_Reduviidae","Nymph","collected",1
2019,8,"20C","A",5,"unburned","Hemiptera","Pentatomidae","Hemiptera_Pentomidae","Nymph","collected",1
2024,8,"20B","E",2,"unburned","Hemiptera","Cicadellidae","Hemiptera_Cicadellidae","Adult","collected",6
2024,8,"20B","E",2,"unburned","Hymenoptera","Chrysididae","Hymenoptera_Chrysididae","Adult","collected",1
2024,8,"20B","E",2,"unburned","Acari","Tetranychidae","Acari_Tetranychidae","Adult","collected",2
2024,8,"20B","E",2,"unburned","Orthoptera","Acrididae","Orthoptera_Acrididae","Adult","observed",1
2024,8,"20B","E",2,"unburned","Orthoptera","Acrididae","Orthoptera_Acrididae","Adult","collected",5
2024,8,"20B","E",2,"unburned","Hemiptera","Dictyopharidae","Hemiptera_Dictyopharidae","Adult","collected",2
2024,8,"20B","E",2,"unburned","Hemiptera","Unknown","Hemiptera_Unknown","Adult","collected",2
2024,8,"20B","E",2,"unburned","Araneae","Salticidae","Araneae_Salticidae","Adult","collected",1
2024,8,"20B","E",2,"unburned","Coleoptera","Chrysomelidae","Coleoptera_Chrysomelidae","Adult","collected",1
2024,8,"20B","E",2,"unburned","Orthoptera","Tettigoniidae","Orthoptera_Tettigoniidae","Adult","collected",1
2024,8,"20B","E",2,"unburned","Hymenoptera","Bethylidae","Hymenoptera_Bethylidae","Adult","collected",2
2024,8,"20B","E",2,"unburned","Hymenoptera","Unknown","Hymenoptera_Unknown","Adult","collected",1
2024,8,"20B","E",2,"unburned","Diptera","Culicidae","Diptera_Culicidae","Adult","collected",2
2024,8,"20B","E",2,"unburned","Hemiptera","Aphididae","Hemiptera_Aphididae","Adult","collected",5
2024,8,"20B","E",2,"unburned","Hymenoptera","Formicidae","Hymenoptera_Formicidae","Adult","collected",3
2024,8,"20B","E",2,"unburned","Araneae","Thomisidae","Araneae_Thomisidae","Adult","collected",2
2024,8,"20B","E",2,"unburned","Araneae","Thomisidae","Araneae_Thomisidae","Nymph","collected",1
2024,8,"20B","E",2,"unburned","Hemiptera","Cicadellidae","Hemiptera_Cicadellidae","Nymph","collected",1
2024,8,"20B","E",2,"unburned","Hemiptera","Caliscelidae","Hemiptera_Caliscelidae","Adult","collected",3
2024,8,"20B","E",2,"unburned","Hemiptera","Caliscelidae","Hemiptera_Caliscelidae","Nymph","collected",3
2024,8,"20B","E",2,"unburned","Hymenoptera","Tenthredinidae","Hymenoptera_Tenthredinidae","Nymph","collected",1
2024,8,"20B","E",2,"unburned","Hemiptera","Dictyopharidae","Hemiptera_Dictyopharidae","Adult","collected",1
2024,8,"20B","E",2,"unburned","Hemiptera","Reduviidae","Hemiptera_Reduviidae","Nymph","collected",1
2024,8,"20B","E",5,"unburned","Hemiptera","Caliscelidae","Hemiptera_Caliscelidae","Adult","collected",8
2024,8,"20B","E",5,"unburned","Araneae","Thomisidae","Araneae_Thomisidae","Adult","collected",1
2024,8,"20B","E",5,"unburned","Coleoptera","Chrysomelidae","Coleoptera_Chrysomelidae","Adult","collected",4
2024,8,"20B","E",5,"unburned","Hemiptera","Cicadellidae","Hemiptera_Cicadellidae","Adult","collected",12
2024,8,"20B","E",5,"unburned","Coleoptera","Byrrhidae","Coleoptera_Byrrhidae","Adult","collected",1
2024,8,"20B","E",5,"unburned","Orthoptera","Acrididae","Orthoptera_Acrididae","Adult","collected",1
2024,8,"20B","E",5,"unburned","Hemiptera","Reduviidae","Hemiptera_Reduviidae","Adult","collected",4
2024,8,"20B","E",5,"unburned","Hemiptera","Cicadellidae","Hemiptera_Cicadellidae","Nymph","collected",11
2024,8,"20B","E",5,"unburned","Coleoptera","Curculionidae","Coleoptera_Curculionidae","Adult","collected",4
2024,8,"20B","E",5,"unburned","Thysanoptera","Aeolothripidae","Thysanoptera_Aeolothripidae","Adult","collected",1
2024,8,"20B","E",5,"unburned","Coleoptera","Cantharidae","Coleoptera_Cantharidae","Adult","collected",2
2024,8,"20B","E",5,"unburned","Hemiptera","Tingidae","Hemiptera_Tingidae","Adult","collected",2
2024,8,"20B","E",5,"unburned","Lepidoptera","Geometridae","Lepidoptera_Geometridae","Adult","collected",1
2024,8,"20B","E",5,"unburned","Hymenoptera","Ichneumonidae","Hymenoptera_Ichneumonidae","Adult","collected",1
2024,8,"20B","E",5,"unburned","Araneae","Linyphiidae","Araneae_Linyphiidae","Adult","collected",5
2024,8,"20B","E",5,"unburned","Diptera","Stratiomyidae","Diptera_Stratiomyidae","Adult","collected",1
2024,8,"20B","E",5,"unburned","Hymenoptera","Eulophidae","Hymenoptera_Eulophidae","Adult","collected",2
2024,8,"20B","E",5,"unburned","Hemiptera","Miridae","Hemiptera_Miridae","Adult","collected",1
2024,8,"20B","E",5,"unburned","Araneae","Araneidae","Araneae_Araneidae","Adult","collected",1
2024,8,"20B","E",5,"unburned","Hemiptera","Lygaeidae","Hemiptera_Lygaeidae","Adult","collected",2
2024,8,"20B","E",5,"unburned","Hymenoptera","Chrysididae","Hymenoptera_Chrysididae","Adult","collected",1
2024,8,"20B","E",5,"unburned","Hemiptera","Tingidae","Hemiptera_Tingidae","Adult","collected",1
2024,8,"20B","E",5,"unburned","Diptera","Lauxaniidae","Diptera_Lauxaniidae","Nymph","collected",1
2024,8,"20B","D",4,"unburned","Hemiptera","Dictyopharidae","Hemiptera_Dictyopharidae","Adult","collected",7
2024,8,"20B","D",4,"unburned","Hymenoptera","Braconidae","Hymenoptera_Braconidae","Adult","collected",3
2024,8,"20B","D",4,"unburned","Hymenoptera","Unknown","Hymenoptera_Unknown","Adult","collected",1
2024,8,"20B","D",4,"unburned","Hymenoptera","Thynnidae","Hymenoptera_Thynnidae","Adult","collected",1
2024,8,"20B","D",4,"unburned","Hemiptera","Caliscelidae","Hemiptera_Caliscelidae","Adult","collected",1
2024,8,"20B","D",4,"unburned","Coleoptera","Curculionidae","Coleoptera_Curculionidae","Adult","collected",2
2024,8,"20B","D",4,"unburned","Orthoptera","Gryllidae","Orthoptera_Gryllidae","Nymph","collected",1
2024,8,"20B","D",4,"unburned","Hemiptera","Cicadellidae","Hemiptera_Cicadellidae","Adult","collected",14
2024,8,"20B","D",4,"unburned","Coleoptera","Chrysomelidae","Coleoptera_Chyrosomelidae","Adult","collected",1
2024,8,"20B","D",4,"unburned","Hemiptera","Cicadellidae","Hemiptera_Cicadellidae","Nymph","collected",5
2024,8,"20B","D",4,"unburned","Hemiptera","Derbidae","Hemiptera_Derbidae","Adult","collected",1
2024,8,"20B","D",4,"unburned","Hemiptera","Membracidae","Hemiptera_Membracidae","Adult","collected",2
2024,8,"20B","D",4,"unburned","Hymenoptera","Ichneumonidae","Hymenoptera_Ichneumonidae","Adult","collected",3
2024,8,"20B","D",4,"unburned","Diptera","Drosophilidae","Diptera_Drosophilidae","Adult","collected",3
2024,8,"20B","D",4,"unburned","Hymenoptera","Platygastridae","Hymenoptera_Platygastridae","Adult","collected",4
2024,8,"20B","D",4,"unburned","Hemiptera","Aphididae","Hemiptera_Aphididae","Adult","collected",1
2024,8,"20B","D",4,"unburned","Diptera","Ulidiidae","Diptera_Ulidiidae","Adult","collected",1
2024,8,"20B","D",4,"unburned","Araneae","Lycosidae","Araneae_Lycosidae","Adult","collected",2
2024,8,"20B","D",4,"unburned","Diptera","Syrphidae","Diptera_Syrphidae","Adult","collected",1
2024,8,"20B","D",4,"unburned","Araneae","Linyphiidae","Araneae_Linyphiidae","Adult","collected",1
2024,8,"20B","D",4,"unburned","Diptera","Rhagionidae","Diptera_Rhagionidae","Adult","collected",1
2024,8,"20B","E",6,"unburned","Orthoptera","Acrididae","Orthoptera_Acrididae","Adult","collected",4
2024,8,"20B","E",6,"unburned","Orthoptera","Acrididae","Orthoptera_Acrididae","Nymph","collected",1
2024,8,"20B","E",6,"unburned","Orthoptera","Acrididae","Orthoptera_Acrididae","Nymph","observed",2
2024,8,"20B","E",6,"unburned","Hemiptera","Cicadellidae","Hemiptera_Cicadellidae","Adult","collected",10
2024,8,"20B","E",6,"unburned","Hemiptera","Reduviidae","Hemiptera_Reduviidae","Nymph","collected",2
2024,8,"20B","E",6,"unburned","Coleoptera","Chrysomelidae","Coleoptera_Chrysomelidae","Adult","collected",5
2024,8,"20B","E",6,"unburned","Hemiptera","Achilidae","Hemiptera_Achilidae","Adult","collected",1
2024,8,"20B","E",6,"unburned","Hemiptera","Membracidae","Hemiptera_Membracidae","Nymph","collected",1
2024,8,"20B","E",6,"unburned","Collembola","Entomobryidae","Collembola_Entomobryidae","Adult","collected",1
2024,8,"20B","E",6,"unburned","Hemiptera","Derbidae","Hemiptera_Derbidae","Adult","collected",1
2024,8,"20B","E",6,"unburned","Hemiptera","Phymatidae","Hemiptera_Phymatidae","Adult","collected",1
2024,8,"20B","E",6,"unburned","Araneae","Salticidae","Araneae_Salticidae","Adult","collected",2
2024,8,"20B","E",6,"unburned","Coleoptera","Curculionidae","Coleoptera_Curculionidae","Adult","collected",1
2024,8,"20B","E",6,"unburned","Araneae","Thomisidae","Araneae_Thomisidae","Nymph","collected",1
2024,8,"20B","E",6,"unburned","Hemiptera","Cicadellidae","Hemiptera_Cicadellidae","Nymph","collected",5
2024,8,"20B","E",6,"unburned","Hymenoptera","Ichneumonidae","Hymenoptera_Ichneumonidae","Adult","collected",6
2024,8,"20B","E",6,"unburned","Hymenoptera","Braconidae","Hymenoptera_Braconidae","Adult","collected",1
2024,8,"20B","E",6,"unburned","Hemiptera","Dictyopharidae","Hemiptera_Dictyopharidae","Adult","collected",1
2024,8,"20B","E",6,"unburned","Hymenoptera","Formicidae","Hymenoptera_Formicidae","Adult","collected",3
2024,8,"20B","F",1,"unburned","Coleoptera","Curculionidae","Coleoptera_Curculionidae","Adult","collected",2
2024,8,"20B","F",1,"unburned","Hemiptera","Membracidae","Hemiptera_Membracidae","Nymph","collected",2
2024,8,"20B","F",1,"unburned","Hemiptera","Cicadellidae","Hemiptera_Cicadellidae","Adult","collected",2
2024,8,"20B","F",1,"unburned","Coleoptera","Chrysomelidae","Coleoptera_Chrysomelidae","Adult","collected",3
2024,8,"20B","F",1,"unburned","Hemiptera","Derbidae","Hemiptera_Derbidae","Adult","collected",1
2024,8,"20B","F",1,"unburned","Hymenoptera","Ichneumonidae","Hymenoptera_Ichneumonidae","Adult","collected",5
2024,8,"20B","F",1,"unburned","Diptera","Drosophilidae","Diptera_Drosophilidae","Adult","collected",1
2024,8,"20B","F",1,"unburned","Hymenoptera","Formicidae","Hymenoptera_Formicidae","Adult","collected",1
2024,8,"20B","F",1,"unburned","Lepidoptera","Crambidae","Lepidoptera_Crabidae","Adult","collected",1
2024,8,"20B","F",1,"unburned","Araneae","Thomisidae","Araneae_Thomisidae","Adult","collected",1
2024,8,"20B","E",1,"unburned","Orthoptera","Acrididae","Orthoptera_Acrididae","Adult","observed",3
2024,8,"20B","E",1,"unburned","Hemiptera","Acanaloniidae","Hemiptera_Acanaloniidae","Adult","collected",1
2024,8,"20B","E",1,"unburned","Hymenoptera","Formicidae","Hymenoptera_Formicidae","Adult","collected",4
2024,8,"20B","E",1,"unburned","Araneae","Salticidae","Araneae_Salticidae","Adult","collected",1
2024,8,"20B","E",1,"unburned","Hemiptera","Reduviidae","Hemiptera_Reduviidae","Nymph","collected",3
2024,8,"20B","E",1,"unburned","Hemiptera","Caliscelidae","Hemiptera_Caliscelidae","Adult","collected",5
2024,8,"20B","E",1,"unburned","Hemiptera","Cicadellidae","Hemiptera_Cicadellidae","Nymph","collected",5
2024,8,"20B","E",1,"unburned","Hemiptera","Cicadellidae","Hemiptera_Cicadellidae","Adult","collected",7
2024,8,"20B","E",1,"unburned","Hemiptera","Membracidae","Hemiptera_Membracidae","Nymph","collected",2
2024,8,"20B","E",1,"unburned","Hemiptera","Aphididae","Hemiptera_Aphididae","Adult","collected",3
2024,8,"20B","E",1,"unburned","Coleoptera","Mordellidae","Coleoptera_Mordellidae","Adult","collected",1
2024,8,"20B","E",1,"unburned","Hemiptera","Pentatomidae","Hemiptera_Pentatomidae","Adult","collected",1
2024,8,"20B","E",1,"unburned","Hemiptera","Dictyopharidae","Hemiptera_Dictyopharidae","Adult","collected",3
2024,8,"20B","E",1,"unburned","Araneae","Thomisidae","Araneae_Thomisidae","Adult","collected",2
2024,8,"20B","E",1,"unburned","Hymenoptera","Braconidae","Hymenoptera_Braconidae","Adult","collected",1
2024,8,"20B","E",1,"unburned","Araneae","Linyphiidae","Araneae_Linyphiidae","Adult","collected",2
2024,8,"20B","E",1,"unburned","Hymenoptera","Vespidae","Hymenoptera_Vespidae","Adult","collected",1
2024,8,"20B","E",1,"unburned","Diptera","Chloropidae","Diptera_Chloropidae","Adult","collected",1
2024,8,"20B","E",1,"unburned","Hymenoptera","Platygastridae","Hymenoptera_Platygastridae","Adult","collected",4
2024,8,"20B","E",1,"unburned","Acari","Tetranychidae","Acari_Tetranychidae","Adult","collected",1
2024,8,"20B","E",1,"unburned","Hymenoptera","Ichneumonidae","Hymenoptera_Ichneumonidae","Adult","collected",2
2024,8,"20B","E",1,"unburned","Orthoptera","Gryllidae","Orthoptera_Gryllidae","Adult","collected",1
2024,8,"20B","D",6,"unburned","Orthoptera","Acrididae","Orthoptera_Acrididae","Adult","collected",4
2024,8,"20B","D",6,"unburned","Hemiptera","Cicadellidae","Hemiptera_Cicadellidae","Adult","collected",3
2024,8,"20B","D",6,"unburned","Hemiptera","Caliscelidae","Hemiptera_Caliscelidae","Adult","collected",1
2024,8,"20B","D",6,"unburned","Coleoptera","Curculionidae","Coleoptera_Curculionidae","Adult","collected",1
2024,8,"20B","D",6,"unburned","Hymenoptera","Formicidae","Hymenoptera_Formicidae","Adult","collected",4
2024,8,"20B","D",6,"unburned","Hemiptera","Reduviidae","Hemiptera_Reduviidae","Nymph","collected",1
2024,8,"20B","D",6,"unburned","Araneae","Salticidae","Araneae_Salticidae","Adult","collected",1
2024,8,"20B","D",6,"unburned","Araneae","Thomisidae","Araneae_Thomisidae","Adult","collected",1
2024,8,"20B","D",6,"unburned","Araneae","Lycosidae","Araneae_Lycosidae","Adult","collected",1
2024,8,"20B","D",6,"unburned","Acari","Hygrobatidae","Acari_Tetranychidae","Adult","collected",1
2024,8,"20B","D",6,"unburned","Hemiptera","Membracidae","Hemiptera_Membracidae","Nymph","collected",1
2024,8,"20B","D",6,"unburned","Hemiptera","Cicadellidae","Hemiptera_Cicadellidae","Nymph","collected",1
2024,8,"20B","F",3,"unburned","Orthoptera","Acrididae","Orthoptera_Acrididae","","observed",3
2024,8,"20B","F",3,"unburned","Coleoptera","Curculionidae","Coleoptera_Curculionidae","Adult","collected",6
2024,8,"20B","F",3,"unburned","Hemiptera","Cicadellidae","Hemiptera_Cicadellidae","Adult","collected",9
2024,8,"20B","F",3,"unburned","Hemiptera","Dictyopharidae","Hemiptera_Dictyopharidae","Adult","collected",3
2024,8,"20B","F",3,"unburned","Orthoptera","Acrididae","Orthoptera_Acrididae","Adult","collected",3
2024,8,"20B","F",3,"unburned","Hymenoptera","Ichneumonidae","Hymenoptera_Ichneumonidae","Adult","collected",4
2024,8,"20B","F",3,"unburned","Hymenoptera","Braconidae","Hymenoptera_Braconidae","Adult","collected",1
2024,8,"20B","F",3,"unburned","Coleoptera","Chrysomelidae","Coleoptera_Chrysomelidae","Adult","collected",2
2024,8,"20B","F",3,"unburned","Araneae","Linyphiidae","Araneae_Linyphiidae","Adult","collected",1
2024,8,"20B","F",3,"unburned","Hemiptera","Reduviidae","Hemiptera_Reduviidae","Nymph","collected",1
2024,8,"SpB","F",3,"annual","Hemiptera","Cicadellidae","Hemiptera_Cicadellidae","Adult","collected",8
2024,8,"SpB","F",3,"annual","Hemiptera","Cicadellidae","Hemiptera_Cicadellidae","Nymph","collected",1
2024,8,"SpB","F",3,"annual","Hymenoptera","Platygastridae","Hymenoptera_Platygastridae","Adult","collected",2
2024,8,"SpB","F",3,"annual","Hemiptera","Reduviidae","Hemiptera_Reduviidae","Adult","collected",1
2024,8,"SpB","F",3,"annual","Hemiptera","Membracidae","Hemiptera_Membracidae","Nymph","collected",1
2024,8,"SpB","F",3,"annual","Diptera","Asilidae","Diptera_Asilidae","Adult","collected",1
2024,8,"SpB","F",3,"annual","Diptera","Tipulidae","Diptera_Tipulidae","Adult","collected",1
2024,8,"SpB","F",3,"annual","Hemiptera","Lygaeidae","Hemiptera_Lygaeidae","Adult","collected",1
2024,8,"SpB","F",3,"annual","Hymenoptera","Braconidae","Hymenoptera_Braconidae","Adult","collected",1
2024,8,"SpB","F",3,"annual","Hymenoptera","Ceraphronidae","Hymenoptera_Ceraphronidae","Adult","collected",1
2024,8,"SpB","F",3,"annual","Orthoptera","Acrididae","Orthoptera_Acrididae","Adult","observed",2
2024,8,"SpB","E",6,"annual","Hemiptera","Reduviidae","Hemiptera_Reduviidae","Nymph","collected",2
2024,8,"SpB","E",6,"annual","Hemiptera","Dictyopharidae","Hemiptera_Dictyopharidae","Adult","collected",3
2024,8,"SpB","E",6,"annual","Hemiptera","Cicadellidae","Hemiptera_Cicadellidae","Adult","collected",11
2024,8,"SpB","E",6,"annual","Coleoptera","Curculionidae","Coleoptera_Curculionidae","Adult","collected",2
2024,8,"SpB","E",6,"annual","Hemiptera","Cicadellidae","Hemiptera_Cicadellidae","Nymph","collected",6
2024,8,"SpB","E",6,"annual","Orthoptera","Acrididae","Orthoptera_Acrididae","Adult","collected",1
2024,8,"SpB","E",6,"annual","Orthoptera","Acrididae","Orthoptera_Acrididae","Adult","observed",4
2024,8,"SpB","E",6,"annual","Hemiptera","Pentatomidae","Hemiptera_Pentatomidae","Adult","collected",1
2024,8,"SpB","E",6,"annual","Hymenoptera","Formicidae","Hymenoptera_Formicidae","Adult","collected",2
2024,8,"SpB","E",6,"annual","Hemiptera","Blissidae","Hemiptera_Blissidae","Adult","collected",1
2024,8,"SpB","E",6,"annual","Coleoptera","Chrysomelidae","Coleoptera_Chrysomelidae","Adult","collected",1
2024,8,"SpB","E",6,"annual","Hymenoptera","Braconidae","Hymenoptera_Braconidae","Adult","collected",1
2024,8,"SpB","E",6,"annual","Hymenoptera","Ichneumonidae","Hymenoptera_Ichneumonidae","Adult","collected",2
2024,8,"SpB","E",6,"annual","Hymenoptera","Platygastridae","Hymenoptera_Platygastridae","Adult","collected",1
2024,8,"SpB","E",6,"annual","Araneae","Linyphiidae","Araneae_Linyphiidae","Adult","collected",1
2024,8,"20B","D",5,"unburned","Hemiptera","Reduviidae","Hemiptera_Reduviidae","Nymph","collected",1
2024,8,"20B","D",5,"unburned","Hemiptera","Cicadellidae","Hemiptera_Cicadellidae","Adult","collected",2
2024,8,"20B","D",5,"unburned","Hemiptera","Cicadellidae","Hemiptera_Cicadellidae","Nymph","collected",1
2024,8,"20B","D",5,"unburned","Coleoptera","Curculionidae","Coleoptera_Curculionidae","Adult","collected",1
2024,8,"20B","D",5,"unburned","Hymenoptera","Ichneumonidae","Hymenoptera_Ichneumonidae","Adult","collected",3
2024,8,"20B","D",5,"unburned","Araneae","Linyphiidae","Araneae_Linyphiidae","Adult","collected",1
2024,8,"20B","D",5,"unburned","Araneae","Salticidae","Araneae_Salticidae","Adult","collected",1
2024,8,"20B","D",5,"unburned","Hemiptera","Geocoridae","Hemiptera_Geocoridae","Adult","collected",1
2024,8,"20B","D",5,"unburned","Hemiptera","Tingidae","Hemiptera_Tingidae","Adult","collected",1
2024,8,"SpB","D",6,"annual","Hemiptera","Dictyopharidae","Hemiptera_Dictyopharidae","Adult","collected",2
2024,8,"SpB","D",6,"annual","Hemiptera","Reduviidae","Hemiptera_Reduviidae","Nymph","collected",1
2024,8,"SpB","D",6,"annual","Hemiptera","Cicadellidae","Hemiptera_Cicadellidae","Adult","collected",11
2024,8,"SpB","D",6,"annual","Hemiptera","Cicadellidae","Hemiptera_Cicadellidae","Nymph","collected",6
2024,8,"SpB","D",6,"annual","Araneae","Linyphiidae","Araneae_Linyphiidae","Adult","collected",1
2024,8,"SpB","D",6,"annual","Araneae","Thomisidae","Araneae_Thomisidae","Adult","collected",1
2024,8,"SpB","E",5,"annual","Orthoptera","Acrididae","Orthoptera_Acrididae","Adult","collected",1
2024,8,"SpB","E",5,"annual","Orthoptera","Acrididae","Orthoptera_Acrididae","Adult","observed",1
2024,8,"SpB","E",5,"annual","Hymenoptera","Platygastridae","Hymenoptera_Platygastridae","Adult","collected",4
2024,8,"SpB","E",5,"annual","Hemiptera","Cicadellidae","Hemiptera_Cicadellidae","Adult","collected",3
2024,8,"SpB","E",5,"annual","Hymenoptera","Formicidae","Hymenoptera_Formicidae","Adult","collected",2
2024,8,"SpB","E",5,"annual","Hemiptera","Reduviidae","Hemiptera_Reduviidae","Adult","collected",1
2024,8,"SpB","E",5,"annual","Coleoptera","Mordellidae","Coleoptera_Mordellidae","Adult","collected",2
2024,8,"SpB","E",5,"annual","Coleoptera","Curculionidae","Coleoptera_Curculionidae","Adult","collected",4
2024,8,"SpB","E",5,"annual","Hymenoptera","Braconidae","Hymenoptera_Braconidae","Adult","collected",1
2024,8,"SpB","E",5,"annual","Hemiptera","Cixiidae","Hemiptera_Cixiidae","Adult","collected",1
2024,8,"SpB","E",5,"annual","Hemiptera","Membracidae","Hemiptera_Membracidae","Nymph","collected",1
2024,8,"SpB","E",5,"annual","Coleoptera","Curculionidae","Coleoptera_Curculionidae","Adult","collected",1
2024,8,"SpB","E",5,"annual","Araneae","Linyphiidae","Araneae_Linyphiidae","Adult","collected",1
2024,8,"SpB","E",5,"annual","Coleoptera","Chrysomelidae","Coleoptera_Chrysomelidae","Adult","collected",1
2024,8,"SpB","E",5,"annual","Hemiptera","Caliscelidae","Hemiptera_Caliscelidae","Adult","collected",1
2024,8,"SpB","E",5,"annual","Diptera","Scathophagidae","Diptera_Scathophagidae","Adult","collected",1
2024,8,"SpB","E",5,"annual","Diptera","Scenopinidae","Diptera_Scenopinidae","Adult","collected",1
2024,8,"SpB","E",5,"annual","Hemiptera","Acanaloniidae","Hemiptera_Acanaloniidae","Nymph","collected",2
2024,8,"SpB","E",5,"annual","Hemiptera","Dictyopharidae","Hemiptera_Dictyopharidae","Adult","collected",1
2024,8,"SpB","F",2,"annual","Orthoptera","Acrididae","Orthoptera_Acrididae","Adult","observed",2
2024,8,"SpB","F",2,"annual","Hemiptera","Cicadellidae","Hemiptera_Cicadellidae","Adult","collected",7
2024,8,"SpB","F",2,"annual","Hymenoptera","Platygastridae","Hymenoptera_Platygastridae","Adult","collected",2
2024,8,"SpB","F",2,"annual","Hymenoptera","Formicidae","Hymenoptera_Formicidae","Adult","collected",5
2024,8,"SpB","F",2,"annual","Hemiptera","Blissidae","Hemiptera_Blissidae","Adult","collected",1
2024,8,"SpB","F",2,"annual","Coleoptera","Curculionidae","Coleoptera_Curculionidae","Adult","collected",1
2024,8,"SpB","F",2,"annual","Coleoptera","Chrysomelidae","Coleoptera_Chrysomelidae","Adult","collected",1
2024,8,"SpB","F",2,"annual","Hymenoptera","Braconidae","Hymenoptera_Braconidae","Adult","collected",1
2024,8,"SpB","F",2,"annual","Hemiptera","Aphididae","Hemiptera_Aphididae","Adult","collected",2
2024,8,"SpB","D",5,"annual","Orthoptera","Acrididae","Orthoptera_Acrididae","Adult","observed",1
2024,8,"SpB","D",5,"annual","Hemiptera","Dictyopharidae","Hemiptera_Dictyopharidae","Adult","collected",1
2024,8,"SpB","D",5,"annual","Hemiptera","Cicadellidae","Hemiptera_Cicadellidae","Adult","collected",3
2024,8,"SpB","D",5,"annual","Hymenoptera","Ichneumonidae","Hymenoptera_Ichneumonidae","Adult","collected",2
2024,8,"SpB","D",5,"annual","Hemiptera","Membracidae","Hemiptera_Membracidae","Adult","collected",1
2024,8,"SpB","D",5,"annual","Hemiptera","Cicadellidae","Hemiptera_Cicadellidae","Nymph","collected",3
2024,8,"SpB","D",5,"annual","Coleoptera","Curculionidae","Coleoptera_Curculionidae","Adult","collected",1
2024,8,"SpB","D",5,"annual","Coleoptera","Chrysomelidae","Coleoptera_Chrysomelidae","Adult","collected",1
2024,8,"SpB","D",5,"annual","Diptera","Chamaemyiidae","Diptera_Chamaemyiidae","Adult","collected",1
2024,8,"SpB","D",5,"annual","Hymenoptera","Thynnidae","Hymenoptera_Thynnidae","Adult","collected",1
2024,8,"SpB","D",1,"annual","Coleoptera","Curculionidae","Coleoptera_Curculionidae","Adult","collected",2
2024,8,"SpB","D",1,"annual","Hemiptera","Cicadellidae","Hemiptera_Cicadellidae","Nymph","collected",4
2024,8,"SpB","D",1,"annual","Hemiptera","Cicadellidae","Hemiptera_Cicadellidae","Adult","collected",6
2024,8,"SpB","D",1,"annual","Hemiptera","Membracidae","Hemiptera_Membracidae","Nymph","collected",1
2024,8,"SpB","D",1,"annual","Hymenoptera","Formicidae","Hymenoptera_Formicidae","Adult","collected",2
2024,8,"SpB","D",1,"annual","Hymenoptera","Ichneumonidae","Hymenoptera_Ichneumonidae","Adult","collected",2
2024,8,"SpB","D",1,"annual","Araneae","Salticidae","Areneae_Salticidae","Adult","collected",1
2024,8,"SpB","D",1,"annual","Coleoptera","Chrysomelidae","Coleoptera_Chrysomelidae","Adult","collected",3
2024,8,"SpB","D",1,"annual","Coleoptera","Staphylinidae","Coleoptera_Staphylinidae","Adult","collected",1
2024,8,"SpB","D",3,"annual","Orthoptera","Acrididae","Orthoptera_Acrididae","Adult","observed",2
2024,8,"SpB","D",3,"annual","Hemiptera","Cicadellidae","Hemiptera_Cicadellidae","Adult","collected",3
2024,8,"SpB","D",3,"annual","Hemiptera","Cicadellidae","Hemiptera_Cicadellidae","Nymph","collected",2
2024,8,"SpB","D",3,"annual","Coleoptera","Curculionidae","Coleoptera_Curculionidae","Adult","collected",1
2024,8,"SpB","D",3,"annual","Hymenoptera","Ichneumonidae","Hymenoptera_Ichneumonidae","Adult","collected",3
2024,8,"SpB","D",3,"annual","Hymenoptera","Thynnidae","Hymenoptera_Thynnidae","Adult","collected",1
2024,8,"SpB","D",4,"annual","Hemiptera","Reduviidae","Hemiptera_Reduviidae","Nymph","collected",1
2024,8,"SpB","D",4,"annual","Hemiptera","Dictyopharidae","Hemiptera_Dictyopharidae","Adult","collected",1
2024,8,"SpB","D",4,"annual","Hemiptera","Cicadellidae","Hemiptera_Cicadellidae","Adult","collected",2
2024,8,"SpB","D",4,"annual","Hemiptera","Acanaloniidae","Hemiptera_Acanaloniidae","Adult","collected",1
2024,8,"SpB","D",4,"annual","Hemiptera","Blissidae","Hemiptera_Blissidae","Adult","collected",1
2024,8,"SpB","D",4,"annual","Hymenoptera","Ichneumonidae","Hymenoptera_Ichneumonidae","Adult","collected",1
2024,8,"SpB","D",4,"annual","Hymenoptera","Braconidae","Hymenoptera_Braconidae","Adult","collected",1
2024,8,"SpB","D",4,"annual","Hemiptera","Aphididae","Hemiptera_Aphididae","Adult","collected",2
2024,8,"SpB","E",3,"annual","Orthoptera","Acrididae","Orthoptera_Acrididae","Adult","observed",1
2024,8,"SpB","E",3,"annual","Hemiptera","Dictyopharidae","Hemiptera_Dictyopharidae","Adult","collected",1
2024,8,"SpB","E",3,"annual","Hemiptera","Membracidae","Hemiptera_Membracidae","Nymph","collected",1
2024,8,"SpB","E",3,"annual","Hemiptera","Aphididae","Hemiptera_Aphididae","Adult","collected",1
2024,8,"SpB","E",3,"annual","Orthoptera","Acrididae","Orthoptera_Acrididae","Adult","collected",1
2024,8,"SpB","E",3,"annual","Hemiptera","Cicadellidae","Hemiptera_Cicadellidae","Adult","collected",2
2024,8,"SpB","E",3,"annual","Hemiptera","Cicadellidae","Hemiptera_Cicadellidae","Nymph","collected",8
2024,8,"SpB","E",3,"annual","Hymenoptera","Braconidae","Hymenoptera_Braconidae","Adult","collected",2
2024,8,"SpB","E",3,"annual","Coleoptera","Chrysomelidae","Coleoptera_Chrysomelidae","Adult","collected",2
2024,8,"SpB","E",3,"annual","Hemiptera","Nabidae","Hemiptera_Nabidae","Adult","collected",1
2024,8,"SpB","E",3,"annual","Coleoptera","Mordellidae","Coleoptera_Mordellidae","Adult","collected",1
2024,8,"SpB","F",4,"annual","Orthoptera","Acrididae","Orthoptera_Acrididae","Adult","observed",3
2024,8,"SpB","F",4,"annual","Hemiptera","Cicadellidae","Hemiptera_Cicadellidae","Adult","collected",6
2024,8,"SpB","F",4,"annual","Hemiptera","Miridae","Hemiptera_Miridae","Adult","collected",1
2024,8,"SpB","F",4,"annual","Hymenoptera","Ichneumonidae","Hymenoptera_Ichneumonidae","Adult","collected",1
2024,8,"SpB","F",4,"annual","Hymenoptera","Halictidae","Hymenoptera_Halictidae","Adult","collected",1
2024,8,"SpB","F",4,"annual","Hymenoptera","Braconidae","Hymenoptera_Braconidae","Adult","collected",2
2024,8,"SpB","F",4,"annual","Hemiptera","Cicadellidae","Hemiptera_Cicadellidae","Adult","collected",1
2024,8,"SpB","F",4,"annual","Diptera","Dryomyzidae","Diptera_Dryomyzidae","Adult","collected",1
2024,8,"SpB","D",2,"annual","Hemiptera","Cicadellidae","Hemiptera_Cicadellidae","Adult","collected",9
2024,8,"SpB","D",2,"annual","Coleoptera","Chrysomelidae","Coleoptera_Chrysomelidae","Adult","collected",2
2024,8,"SpB","D",2,"annual","Hemiptera","Reduviidae","Hemiptera_Reduviidae","Nymph","collected",2
2024,8,"SpB","D",2,"annual","Coleoptera","Curculionidae","Coleoptera_Curculionidae","Adult","collected",3
2024,8,"SpB","D",2,"annual","Hemiptera","Cicadellidae","Hemiptera_Cicadellidae","Nymph","collected",1
2024,8,"SpB","D",2,"annual","Hymenoptera","Platygastridae","Hymenoptera_Platygastridae","Adult","collected",1
2024,8,"SpB","D",2,"annual","Diptera","Scatopsidae","Diptera_Scatopsidae","Adult","collected",1
2024,8,"SpB","D",2,"annual","Hymenoptera","Formicidae","Hymenoptera_Formicidae","Adult","collected",3
2024,8,"SpB","D",2,"annual","Diptera","Rhagonidae","Diptera_Rhagonidae","Adult","collected",1
2024,8,"SpB","E",1,"annual","Hemiptera","Cicadellidae","Hemiptera_Cicadellidae","Adult","collected",4
2024,8,"SpB","E",1,"annual","Hemiptera","Blissidae","Hemiptera_Blissidae","Adult","collected",1
2024,8,"SpB","E",1,"annual","Coleoptera","Chrysomelidae","Coleoptera_Chrysomelidae","Adult","collected",1
2024,8,"SpB","E",1,"annual","Hymenoptera","Formicidae","Hymenoptera_Formicidae","Adult","collected",4
2024,8,"SpB","E",1,"annual","Hymenoptera","Braconidae","Hymenoptera_Braconidae","Adult","collected",2
2024,8,"SpB","E",1,"annual","Hemiptera","Cicadellidae","Hemiptera_Cicadellidae","Nymph","collected",2
2024,8,"SpB","E",1,"annual","Hemiptera","Cicadellidae","Hemiptera_Cicadellidae","Adult","collected",1
2024,8,"SpB","E",1,"annual","Hymenoptera","Platygastridae","Hymenoptera_Platygastridae","Adult","collected",1
2024,8,"SpB","E",1,"annual","Hemiptera","Dictyopharidae","Hemiptera_Dictyopharidae","Adult","collected",3
2024,8,"SpB","E",1,"annual","Araneae","Salticidae","Araneae_Salticidae","Adult","collected",2
2024,8,"SpB","E",1,"annual","Thysanoptera","Thripidae","Thysanoptera_Thripidae","Adult","collected",1
2024,8,"20B","F",5,"unburned","Hemiptera","Reduviidae","Hemiptera_Reduviidae","Nymph","collected",1
2024,8,"20B","F",5,"unburned","Coleoptera","Mordellidae","Coleoptera_Mordellidae","Adult","collected",1
2024,8,"20B","F",5,"unburned","Hemiptera","Cicadellidae","Hemiptera_Cicadellidae","Nymph","collected",3
2024,8,"20B","F",5,"unburned","Hemiptera","Cercopidae","Hemiptera_Cercopidae","Adult","collected",1
2024,8,"20B","F",5,"unburned","Hemiptera","Aphididae","Hemiptera_Aphididae","Adult","collected",1
2024,8,"20B","F",5,"unburned","Coleoptera","Chrysomelidae","Coleoptera_Chrysomelidae","Adult","collected",1
2024,8,"20B","F",5,"unburned","Hymenoptera","Ichneumonidae","Hemiptera_Ichneumonidae","Adult","collected",4
2024,8,"20B","F",5,"unburned","Diptera","Chamaemyiidae","Diptera_Chamaemyiidae","Adult","collected",1
2024,8,"20B","F",5,"unburned","Diptera","Lauxaniidae","Diptera_Lauxaniidae","Adult","collected",2
2024,8,"20B","F",5,"unburned","Hemiptera","Membracidae","Hemiptera_Membracidae","Nymph","collected",1
2024,8,"20B","F",6,"unburned","Hemiptera","Cicadellidae","Hemiptera_Cicadellidae","Adult","collected",2
2024,8,"20B","F",6,"unburned","Hymenoptera","Platygastridae","Hymenoptera_Platygastridae","Adult","collected",1
2024,8,"20B","F",6,"unburned","Hemiptera","Caliscelidae","Hemiptera_Caliscelidae","Adult","collected",1
2024,8,"20B","F",6,"unburned","Coleoptera","Chrysomelidae","Coleoptera_Chrysomelidae","Adult","collected",1
2024,8,"20B","F",6,"unburned","Coleoptera","Curculionidae","Coleoptera_Curculionidae","Adult","collected",1
2024,8,"SpB","F",6,"annual","Hymenoptera","Formicidae","Hymenoptera_Formicidae","Adult","collected",4
2024,8,"SpB","F",6,"annual","Hemiptera","Cicadellidae","Hemiptera_Cicadellidae","Adult","collected",2
2024,8,"SpB","F",6,"annual","Hymenoptera","Platygastridae","Hymenoptera_Platygastridae","Adult","collected",2
2024,8,"SpB","F",6,"annual","Hemiptera","Aphididae","Hemiptera_Aphididae","Adult","collected",2
2024,8,"SpB","F",6,"annual","Hemiptera","Caliscelidae","Hemiptera_Caliscelidae","Adult","collected",2
2024,8,"SpB","F",6,"annual","Araneae","Salticidae","Araneae_Salticidae","Adult","collected",2
2024,8,"SpB","F",6,"annual","Hemiptera","Achilidae","Hemiptera_Achilidae","Adult","collected",1
2024,8,"SpB","F",6,"annual","Lepidoptera","Crambidae","Lepidoptera_Crambidae","Adult","collected",1
2024,8,"SpB","F",6,"annual","Diptera","Dryomyzidae","Diptera_Dryomyzidae","Adult","collected",1
2024,8,"20B","D",1,"unburned","Orthoptera","Acrididae","Orthoptera_Acrididae","Adult","observed",1
2024,8,"20B","D",1,"unburned","Hemiptera","Dictyopharidae","Hemiptera_Dictyopharidae","Adult","collected",1
2024,8,"20B","D",1,"unburned","Coleoptera","Curculionidae","Coleoptera_Curculionidae","Adult","collected",1
2024,8,"20B","D",1,"unburned","Coleoptera","Chrysomelidae","Coleoptera_Chrysomelidae","Adult","collected",1
2024,8,"20B","D",1,"unburned","Hemiptera","Cicadellidae","Hemiptera_Cicadellidae","Adult","collected",1
2024,8,"20B","D",1,"unburned","Hemiptera","Cicadellidae","Hemiptera_Cicadellidae","Nymph","collected",2
2024,8,"20B","D",1,"unburned","Hymenoptera","Formicidae","Hymenoptera_Formicidae","Adult","collected",5
2024,8,"20B","D",1,"unburned","Hymenoptera","Braconidae","Hymenoptera_Braconidae","Adult","collected",1
2024,8,"20B","D",1,"unburned","Hymenoptera","Ichneumonidae","Hymenoptera_Ichneumonidae","Adult","collected",2
2024,8,"20B","D",1,"unburned","Hymenoptera","Platygastridae","Hymenoptera_Platygastridae","Adult","collected",1
2024,8,"SpB","E",4,"annual","Orthoptera","Acrididae","Orthoptera_Acrididae","Adult","observed",4
2024,8,"SpB","E",4,"annual","Orthoptera","Acrididae","Orthoptera_Acrididae","Adult","collected",1
2024,8,"SpB","E",4,"annual","Hemiptera","Cicadellidae","Hemiptera_Cicadellidae","Nymph","collected",1
2024,8,"SpB","E",4,"annual","Hemiptera","Blissidae","Hemiptera_Blissidae","Adult","collected",2
2024,8,"SpB","E",4,"annual","Hymenoptera","Ichneumonidae","Hymenoptera_Ichneumonidae","Adult","collected",2
2024,8,"SpB","E",4,"annual","Hymenoptera","Formicidae","Hymenoptera_Formicidae","Adult","collected",2
2024,8,"SpB","E",2,"annual","Hemiptera","Cicadellidae","Hemiptera_Cicadellidae","Adult","collected",7
2024,8,"SpB","E",2,"annual","Hemiptera","Reduviidae","Hemiptera_Reduviidae","Nymph","collected",1
2024,8,"SpB","E",2,"annual","Araneae","Salticidae","Araneae_Salticidae","Adult","collected",1
2024,8,"SpB","E",2,"annual","Hemiptera","Dictyopharidae","Hemiptera_Dictyopharidae","Adult","collected",3
2024,8,"SpB","E",2,"annual","Hemiptera","Cicadellidae","Hemiptera_Cicadellidae","Nymph","collected",3
2024,8,"SpB","E",2,"annual","Hymenoptera","Formicidae","Hymenoptera_Formicidae","Adult","collected",5
2024,8,"SpB","E",2,"annual","Hymenoptera","Chalcidoidea","Hymenoptera_Chalcidoidea","Adult","collected",1
2024,8,"20B","F",4,"unburned","Orthoptera","Acrididae","Orthoptera_Acrididae","Adult","observed",3
2024,8,"20B","F",4,"unburned","Hemiptera","Cicadellidae","Hemiptera_Cicadellidae","Adult","collected",4
2024,8,"20B","F",4,"unburned","Hymenoptera","Platygastridae","Hymenoptera_Platygastridae","Adult","collected",6
2024,8,"20B","F",4,"unburned","Hymenoptera","Formicidae","Hymenoptera_Formicidae","Adult","collected",1
2024,8,"20B","F",4,"unburned","Hemiptera","Aphididae","Hemiptera_Aphididae","Adult","collected",9
2024,8,"SpB","F",1,"annual","Orthoptera","Acrididae","Orthoptera_Acrididae","Adult","observed",2
2024,8,"SpB","F",1,"annual","Hemiptera","Reduviidae","Hemiptera_Reduviidae","Nymph","collected",1
2024,8,"SpB","F",1,"annual","Hymenoptera","Braconidae","Hymenoptera_Braconidae","Adult","collected",1
2024,8,"SpB","F",1,"annual","Hemiptera","Cicadellidae","Hemiptera_Cicadellidae","Nymph","collected",2
2024,8,"SpB","F",1,"annual","Thysanoptera","Thripidae","Thysanoptera_Thripidae","Adult","collected",1
2024,8,"SpB","F",1,"annual","Araneae","Salticidae","Araneae_Salticidae","Adult","collected",1
2024,8,"SpB","F",1,"annual","Coleoptera","Curculionidae","Coleoptera_Curculionidae","Adult","collected",1
2024,8,"SpB","F",1,"annual","Hemiptera","Cicadellidae","Hemiptera_Cicadellidae","Adult","collected",1
2024,8,"SpB","F",1,"annual","Hemiptera","Aphididae","Hemiptera_Aphididae","Adult","collected",1
2024,8,"SpB","F",1,"annual","Araneae","Thomisidae","Araneae_Thomisidae","Adult","collected",1
2024,8,"SpB","F",1,"annual","Orthoptera","Gryllidae","Orthoptera_Gryllidae","Adult","collected",1
2024,8,"SpB","F",1,"annual","Hemiptera","Rhyparochromidae","Hemiptera_Rhyparochromidae","Adult","collected",1
2024,8,"SpB","F",1,"annual","Hemiptera","Dictyopharidae","Hemiptera_Dictyopharidae","Adult","collected",1
2024,8,"20C","B",3,"unburned","Orthoptera","Acrididae","Orthoptera_Acrididae","Adult","observed",2
2024,8,"20C","B",3,"unburned","Hymenoptera","Formicidae","Hymenoptera_Formicidae","Adult","collected",1
2024,8,"20C","B",3,"unburned","Hemiptera","Cicadellidae","Hemiptera_Cicadellidae","Adult","collected",1
2024,8,"20C","B",3,"unburned","Coleoptera","Chrysomelidae","Coleoptera_Chrysomelidae","Adult","collected",1
2024,8,"20C","B",3,"unburned","Hemiptera","Acanaloniidae","Hemiptera_Acanaloniidae","Adult","collected",1
2024,8,"20C","B",3,"unburned","Coleoptera","Meloidae","Coleoptera_Meloidae","Adult","collected",2
2024,8,"20C","B",3,"unburned","Hymenoptera","Platygastridae","Hymenoptera_Platygastridae","Adult","collected",1
2024,8,"SpB","F",5,"annual","Orthoptera","Acrididae","Orthoptera_Acrididae","Adult","observed",2
2024,8,"SpB","F",5,"annual","Coleoptera","Curculionidae","Coleoptera_Curculionidae","Adult","collected",1
2024,8,"SpB","F",5,"annual","Hemiptera","Cicadellidae","Hemiptera_Cicadellidae","Nymph","collected",3
2024,8,"SpB","F",5,"annual","Hemiptera","Cicadellidae","Hemiptera_Cicadellidae","Adult","collected",2
2024,8,"SpB","F",5,"annual","Hemiptera","Dictyopharidae","Hemiptera_Dictyopharidae","Adult","collected",1
2024,8,"SpB","F",5,"annual","Hymenoptera","Ichneumonidae","Hemiptera_Ichneumonidae","Adult","collected",2
2024,8,"20C","B",5,"unburned","Hemiptera","Aphididae","Hemiptera_Aphididae","Adult","collected",3
2024,8,"20C","B",5,"unburned","Hemiptera","Dictyopharidae","Hemiptera_Dictyopharidae","Adult","collected",1
2024,8,"20C","B",5,"unburned","Hemiptera","Cicadellidae","Hemiptera_Cicadellidae","Nymph","collected",1
2024,8,"20C","B",5,"unburned","Hymenoptera","Ichneumonidae","Hymenoptera_Ichneumonidae","Adult","collected",1
2024,8,"20C","B",5,"unburned","Hymenoptera","Formicidae","Hymenoptera_Formicidae","Adult","collected",1
2024,8,"20C","B",5,"unburned","Coleoptera","Chrysomelidae","Coleoptera_Chrysomelidae","Adult","collected",1
2024,8,"20C","B",5,"unburned","Araneae","Salticidae","Araneae_Salticidae","Adult","collected",1
2024,8,"20C","B",5,"unburned","Araneae","Thomisidae","Araneae_Thomisidae","Adult","collected",1
2024,8,"20C","B",5,"unburned","Hemiptera","Membracidae","Hemiptera_Membracidae","Adult","collected",2
2024,8,"20C","B",4,"unburned","Coleoptera","Curculionidae","Coleoptera_Curculionidae","Adult","collected",4
2024,8,"20C","B",4,"unburned","Hymenoptera","Formicidae","Hymenoptera_Formicidae","Adult","collected",2
2024,8,"20C","B",4,"unburned","Hemiptera","Cicadellidae","Hemiptera_Cicadellidae","Adult","collected",5
2024,8,"20C","B",4,"unburned","Diptera","Cecidomyiidae","Diptera_Cecidomyiidae","Adult","collected",1
2024,8,"20C","B",4,"unburned","Hemiptera","Reduviidae","Hemiptera_Reduviidae","Nymph","collected",1
2024,8,"20C","B",4,"unburned","Hemiptera","Aphididae","Hemiptera_Aphididae","Adult","collected",3
2024,8,"20C","C",2,"unburned","Orthoptera","Acrididae","Orthoptera_Acrididae","Adult","observed",1
2024,8,"20C","C",2,"unburned","Orthoptera","Acrididae","Orthoptera_Acrididae","Adult","collected",1
2024,8,"20C","C",2,"unburned","Diptera","Sepsidae","Diptera_Sepsidae","Adult","collected",2
2024,8,"20C","C",2,"unburned","Hymenoptera","Platygastridae","Hymenoptera_Platygastridae","Adult","collected",1
2024,8,"20C","C",2,"unburned","Coleoptera","Chrysomelidae","Coleoptera_Chrysomelidae","Adult","collected",2
2024,8,"20C","C",2,"unburned","Hemiptera","Cicadellidae","Hemiptera_Cicadellidae","Adult","collected",2
2024,8,"20C","C",2,"unburned","Hymenoptera","Formicidae","Hymenoptera_Formicidae","Adult","collected",2
2024,8,"20C","C",2,"unburned","Coleoptera","Curculionidae","Coleoptera_Curculionidae","Adult","collected",1
2024,8,"20C","B",6,"unburned","Orthoptera","Acrididae","Orthoptera_Acrididae","Adult","observed",2
2024,8,"20C","B",6,"unburned","Orthoptera","Acrididae","Orthoptera_Acrididae","Adult","collected",2
2024,8,"20C","B",6,"unburned","Hemiptera","Membracidae","Hemiptera_Membracidae","Nymph","collected",1
2024,8,"20C","B",6,"unburned","Hemiptera","Cicadellidae","Hemiptera_Cicadellidae","Adult","collected",3
2024,8,"20C","B",6,"unburned","Hemiptera","Aphididae","Hemiptera_Aphididae","Adult","collected",2
2024,8,"20C","B",6,"unburned","Hemiptera","Cicadellidae","Hemiptera_Cicadellidae","Nymph","collected",1
2024,8,"20C","B",6,"unburned","Araneae","Salticidae","Araneae_Salticidae","Adult","collected",1
2024,8,"20C","B",6,"unburned","Hemiptera","Reduviidae","Hemiptera_Reduviidae","Nymph","collected",1
2024,8,"20C","B",6,"unburned","Hemiptera","Dictyopharidae","Hemiptera_Dictyopharidae","Adult","collected",1
2024,8,"20C","B",6,"unburned","Hymenoptera","Braconidae","Hymenoptera_Braconidae","Adult","collected",1
2024,8,"20C","B",6,"unburned","Hemiptera","Kinnaridae","Hemiptera_Kinnaridae","Adult","collected",1
2024,8,"20B","D",3,"unburned","Orthoptera","Acrididae","Orthoptera_Acrididae","Adult","observed",2
2024,8,"20B","D",3,"unburned","Coleoptera","Chrysomelidae","Coleoptera_Chrysomelidae","Adult","collected",3
2024,8,"20B","D",3,"unburned","Coleoptera","Curculionidae","Coleoptera_Curculionidae","Adult","collected",1
2024,8,"20B","D",3,"unburned","Hymenoptera","Ichneumonidae","Hymenoptera_Ichneumonidae","Adult","collected",1
2024,8,"20B","D",3,"unburned","Hemiptera","Cicadellidae","Hemiptera_Cicadellidae","Nymph","collected",3
2024,8,"20B","D",3,"unburned","Hymenoptera","Braconidae","Hymenoptera_Braconidae","Adult","collected",1
2024,8,"20B","D",3,"unburned","Hymenoptera","Formicidae","Hymenoptera_Formicidae","Adult","collected",2
2024,8,"20B","D",3,"unburned","Hemiptera","Cicadellidae","Hemiptera_Cicadellidae","Adult","collected",1
2024,8,"20B","D",3,"unburned","Araneae","Salticidae","Araneae_Salticidae","Adult","collected",1
2024,8,"20B","D",3,"unburned","Hemiptera","Aphididae","Hemiptera_Aphididae","Adult","collected",1
2024,8,"20B","D",2,"unburned","Hemiptera","Cicadellidae","Hemiptera_Cicadellidae","Nymph","collected",2
2024,8,"20B","D",2,"unburned","Coleoptera","Chrysomelidae","Coleoptera_Chrysomelidae","Adult","collected",1
2024,8,"20B","D",2,"unburned","Hymenoptera","Ichneumonidae","Hymenoptera_Ichneumonidae","Adult","collected",1
2024,8,"20B","D",2,"unburned","Hymenoptera","Formicidae","Hymenoptera_Formicidae","Adult","collected",1
2024,8,"20B","D",2,"unburned","Araneae","Salticidae","Araneae_Salticidae","Adult","collected",2
2024,8,"20B","D",2,"unburned","Araneae","Thomisidae","Araneae_Thomisidae","Adult","collected",1
2024,8,"20B","D",2,"unburned","Hymenoptera","Platygastridae","Hymenoptera_Platygastridae","Adult","collected",1
2024,8,"1D","C",5,"annual","Orthoptera","Acrididae","Orthoptera_Acrididae","Adult","observed",2
2024,8,"1D","C",5,"annual","Orthoptera","Acrididae","Orthoptera_Acrididae","Adult","collected",1
2024,8,"1D","C",5,"annual","Hemiptera","Cicadellidae","Hemiptera_Cicadellidae","Nymph","collected",1
2024,8,"1D","C",5,"annual","Hymenoptera","Formicidae","Hymenoptera_Formicidae","Adult","collected",3
2024,8,"1D","C",5,"annual","Hemiptera","Blissidae","Hemiptera_Blissidae","Adult","collected",2
2024,8,"1D","C",5,"annual","Hymenoptera","Braconidae","Hymenoptera_Braconidae","Adult","collected",1
2024,8,"1D","C",5,"annual","Hemiptera","Aphididae","Hemiptera_Aphididae","Adult","collected",1
2024,8,"1D","C",5,"annual","Diptera","Chamaemyiidae","Diptera_Chamaemyiidae","Adult","collected",1
2024,8,"1D","C",5,"annual","Diptera","Culicidae","Diptera_Culicidae","Adult","collected",1
2024,8,"1D","C",5,"annual","Hymenoptera","Ichneumonidae","Hymenoptera_Ichneumonidae","Adult","collected",1
2024,8,"20C","C",5,"unburned","Orthoptera","Acrididae","Orthoptera_Acrididae","Adult","collected",1
2024,8,"20C","C",5,"unburned","Orthoptera","Acrididae","Orthoptera_Acrididae","Adult","observed",2
2024,8,"20C","C",5,"unburned","Hemiptera","Dictyopharidae","Hemiptera_Dictyopharidae","Adult","collected",1
2024,8,"20C","C",5,"unburned","Coleoptera","Chrysomelidae","Coleoptera_Chrysomelidae","Adult","collected",2
2024,8,"20C","C",5,"unburned","Araneae","Salticidae","Araneae_Salticidae","Adult","collected",1
2024,8,"20C","C",5,"unburned","Coleoptera","Curculionidae","Coleoptera_Curculionidae","Adult","collected",1
2024,8,"20C","C",5,"unburned","Hemiptera","Cicadellidae","Hemiptera_Cicadellidae","Adult","collected",2
2024,8,"20C","C",5,"unburned","Hemiptera","Cicadellidae","Hemiptera_Cicadellidae","Nymph","collected",1
2024,8,"20C","C",5,"unburned","Hymenoptera","Formicidae","Hymenoptera_Formicidae","Adult","collected",2
2024,8,"20C","C",5,"unburned","Hymenoptera","Ichneumonidae","Hymenoptera_Ichneumonidae","Adult","collected",2
2024,8,"20C","C",5,"unburned","Araneae","Thomisidae","Araneae_Thomisidae","Adult","collected",1
2024,8,"20C","C",5,"unburned","Hymenoptera","Braconidae","Hymenoptera_Braconidae","Adult","collected",1
2024,8,"20C","C",5,"unburned","Diptera","Sepsidae","Diptera_Sepsidae","Adult","collected",1
2024,8,"20C","A",3,"unburned","Orthoptera","Acrididae","Orthoptera_Acrididae","Adult","observed",3
2024,8,"20C","A",3,"unburned","Orthoptera","Acrididae","Orthoptera_Acrididae","Adult","collected",1
2024,8,"20C","A",3,"unburned","Hemiptera","Cicadellidae","Hemiptera_Cicadellidae","Adult","collected",2
2024,8,"20C","A",3,"unburned","Coleoptera","Chrysomelidae","Coleoptera_Chrysomelidae","Adult","collected",1
2024,8,"20C","A",3,"unburned","Hymenoptera","Platygastridae","Hymenoptera_Platygastridae","Adult","collected",2
2024,8,"20C","A",3,"unburned","Diptera","Sepsidae","Diptera_Sepsidae","Adult","collected",1
2024,8,"20C","A",3,"unburned","Coleoptera","Curculionidae","Coleoptera_Curculionidae","Adult","collected",1
2024,8,"20C","A",3,"unburned","Hemiptera","Reduviidae","Hemiptera_Reduviidae","Adult","collected",1
2024,8,"20C","A",3,"unburned","Hemiptera","Reduviidae","Hemiptera_Reduviidae","Nymph","collected",1
2024,8,"20C","A",3,"unburned","Hymenoptera","Formicidae","Hymenoptera_Formicidae","Adult","collected",2
2024,8,"20C","A",3,"unburned","Araneae","Thomisidae","Araneae_Thomisidae","Adult","collected",1
2024,8,"20C","A",3,"unburned","Hymenoptera","Braconidae","Hymenoptera_Braconidae","Adult","collected",1
2024,8,"20C","A",3,"unburned","Thysanoptera","Thripidae","Thysanoptera_Thripidae","Adult","collected",1
2024,8,"20C","C",3,"unburned","Orthoptera","Acrididae","Orthoptera_Acrididae","Adult","collected",3
2024,8,"20C","C",3,"unburned","Coleoptera","Mordellidae","Coleoptera_Mordellidae","Adult","collected",1
2024,8,"20C","C",3,"unburned","Hemiptera","Dictyopharidae","Hemiptera_Dictyopharidae","Adult","collected",1
2024,8,"20C","C",3,"unburned","Hemiptera","Cicadellidae","Hemiptera_Cicadellidae","Adult","collected",2
2024,8,"20C","C",3,"unburned","Lepidoptera","Crambidae","Lepidoptera_Crambidae","Adult","collected",1
2024,8,"20C","C",3,"unburned","Hemiptera","Caliscelidae","Hemiptera_Caliscelidae","Adult","collected",1
2024,8,"20C","C",3,"unburned","Diptera","Asilidae","Diptera_Asilidae","Adult","collected",1
2024,8,"20C","C",3,"unburned","Diptera","Syrphidae","Diptera_Syrphidae","Adult","collected",1
2024,8,"20C","A",6,"unburned","Orthoptera","Acrididae","Orthoptera_Acrididae","Adult","observed",4
2024,8,"20C","A",6,"unburned","Hemiptera","Pentatomidae","Hemiptera_Pentatomidae","Adult","collected",1
2024,8,"20C","A",6,"unburned","Hemiptera","Cicadellidae","Hemiptera_Cicadellidae","Adult","collected",1
2024,8,"20C","A",6,"unburned","Hemiptera","Reduviidae","Hemiptera_Reduviidae","Nymph","collected",2
2024,8,"20C","A",6,"unburned","Hymenoptera","Formicidae","Hymenoptera_Formicidae","Adult","collected",1
2024,8,"20C","A",6,"unburned","Coleoptera","Chrysomelidae","Coleoptera_Chrysomelidae","Adult","collected",1
2024,8,"20C","A",6,"unburned","Diptera","Clusiidae","Diptera_Culsiidae","Adult","collected",1
2024,8,"20C","A",6,"unburned","Hymenoptera","Crabronidae","Hymenoptera_Crabronidae","Adult","collected",1
2024,8,"20C","A",6,"unburned","Hemiptera","Cicadellidae","Hemiptera_Cicadellidae","Nymph","collected",2
2024,8,"20C","A",6,"unburned","Hemiptera","Caliscelidae","Hemiptera_Caliscelidae","Adult","collected",1
2024,8,"20C","A",6,"unburned","Thysanoptera","Aeolothripidae","Thysanoptera_Aeolothripidae","Adult","collected",1
2024,8,"20C","A",6,"unburned","Araneae","Theridiidae","Araneae_Theridiidae","Adult","collected",1
2024,8,"20C","A",6,"unburned","Lepidoptera","Crambidae","Lepidoptera_Crambidae","Adult","collected",1
2024,8,"20C","C",4,"unburned","Hymenoptera","Formicidae","Hymenoptera_Formicidae","Adult","collected",2
2024,8,"20C","C",4,"unburned","Hemiptera","Aphididae","Hemiptera_Aphididae","Adult","collected",1
2024,8,"20C","C",4,"unburned","Orthoptera","Acrididae","Orthoptera_Acrididae","Adult","observed",1
2024,8,"20C","C",4,"unburned","Orthoptera","Acrididae","Orthoptera_Acrididae","Adult","collected",1
2024,8,"20C","C",4,"unburned","Coleoptera","Curculionidae","Coleoptera_Curculionidae","Adult","collected",1
2024,8,"20C","C",4,"unburned","Hemiptera","Cicadellidae","Hemiptera_Cicadellidae","Adult","collected",1
2024,8,"20C","C",4,"unburned","Hymenoptera","Ichneumonidae","Hymenoptera_Ichneumonidae","Adult","collected",1
2024,8,"20C","C",4,"unburned","Diptera","Sepsidae","Diptera_Sepsidae","Adult","collected",1
2024,8,"20C","C",4,"unburned","Diptera","Syrphidae","Diptera_Syrphidae","Adult","collected",1
2024,8,"20C","C",4,"unburned","Hemiptera","Rhopalidae","Hemiptera_Rhopalidae","Adult","collected",1
2024,8,"20C","C",4,"unburned","Hemiptera","Dictyopharidae","Hemiptera_Dictyopharidae","Adult","collected",1
2024,8,"20C","A",2,"unburned","Orthoptera","Acrididae","Orthoptera_Acrididae","Nymph","collected",1
2024,8,"20C","A",2,"unburned","Orthoptera","Acrididae","Orthoptera_Acrididae","Adult","observed",2
2024,8,"20C","A",2,"unburned","Hymenoptera","Ichneumonidae","Hymenoptera_Ichneumonidae","Adult","collected",1
2024,8,"20C","A",2,"unburned","Hemiptera","Cicadellidae","Hemiptera_Cicadellidae","Adult","collected",1
2024,8,"20C","A",2,"unburned","Hemiptera","Dictyopharidae","Hemiptera_Dictyopharidae","Adult","collected",1
2024,8,"20C","A",2,"unburned","Hemiptera","Membracidae","Hemiptera_Membracidae","Nymph","collected",1
2024,8,"20C","A",2,"unburned","Hemiptera","Formicidae","Hemiptera_Formicidae","Adult","collected",1
2024,8,"20C","A",2,"unburned","Coleoptera","Chrysomelidae","Coleoptera_Chrysomelidae","Adult","collected",1
2024,8,"20C","A",2,"unburned","Hemiptera","Reduviidae","Hemiptera_Reduviidae","Nymph","collected",2
2024,8,"20C","A",2,"unburned","Coleoptera","Curculionidae","Coleoptera_Curculionidae","Adult","collected",1
2024,8,"20C","A",2,"unburned","Araneae","Thomisidae","Araneae_Thomisidae","Adult","collected",1
2024,8,"20C","A",2,"unburned","Hymenoptera","Braconidae","Hymenoptera_Braconidae","Adult","collected",1
2024,8,"20C","A",2,"unburned","Diptera","Scathophagidae","Diptera_Scathophagidae","Adult","collected",1
2024,8,"20B","E",3,"unburned","Hemiptera","Cicadellidae","Hemiptera_Cicadellidae","Adult","collected",4
2024,8,"20B","E",3,"unburned","Hemiptera","Tingidae","Hemiptera_Tingidae","Adult","collected",1
2024,8,"20B","E",3,"unburned","Orthoptera","Acrididae","Orthoptera_Acrididae","Nymph","collected",1
2024,8,"20B","E",3,"unburned","Araneae","Lycosidae","Araneae_Lycosidae","Adult","collected",1
2024,8,"20B","E",3,"unburned","Hemiptera","Miridae","Hemiptera_Miridae","Adult","collected",1
2024,8,"20B","E",3,"unburned","Hymenoptera","Formicidae","Hymenoptera_Formicidae","Adult","collected",2
2024,8,"20B","E",3,"unburned","Thysanoptera","Aeolothripidae","Thysanoptera_Aeolothripidae","Adult","collected",1
2024,8,"20B","E",3,"unburned","Hymenoptera","Platygastridae","Hymenoptera_Platygastridae","Adult","collected",3
2024,8,"20B","E",3,"unburned","Diptera","Sphaeroceridae","Diptera_Sphaeroceridae","Adult","collected",2
2024,8,"20B","E",3,"unburned","Orthoptera","Acrididae","Orthoptera_Acrididae","Adult","observed",1
2024,8,"1D","C",4,"annual","Orthoptera","Acrididae","Orthoptera_Acrididae","Adult","collected",2
2024,8,"1D","C",4,"annual","Orthoptera","Acrididae","Orthoptera_Acrididae","Adult","observed",4
2024,8,"1D","C",4,"annual","Coleoptera","Chrysomelidae","Coleoptera_Chrysomelidae","Adult","collected",3
2024,8,"1D","C",4,"annual","Hemiptera","Cicadellidae","Hemiptera_Cicadellidae","Adult","collected",11
2024,8,"1D","C",4,"annual","Hymenoptera","Platygastridae","Hymenoptera_Platygastridae","Adult","collected",5
2024,8,"1D","C",4,"annual","Diptera","Sepsidae","Diptera_Sepsidae","Adult","collected",2
2024,8,"1D","C",4,"annual","Araneae","Salticidae","Araneae_Salticidae","Adult","collected",2
2024,8,"1D","C",4,"annual","Hymenoptera","Formicidae","Hymenoptera_Formicidae","Adult","collected",1
2024,8,"1D","C",4,"annual","Hymenoptera","Braconidae","Hymenoptera_Braconidae","Adult","collected",1
2024,8,"1D","C",4,"annual","Coleoptera","Chrysomelidae","Coleoptera_Chrysomelidae","Nymph","collected",2
2024,8,"1D","C",4,"annual","Hemiptera","Caliscelidae","Hemiptera_Caliscelidae","Adult","collected",1
2024,8,"1D","C",4,"annual","Hemiptera","Cixiidae","Hemiptera_Cixiidae","Adult","collected",3
2024,8,"1D","C",4,"annual","Hemiptera","Membracidae","Hemiptera_Membracidae","Nymph","collected",2
2024,8,"1D","C",4,"annual","Coleoptera","Lampyridae","Coleoptera_Lampyridae","Adult","collected",1
2024,8,"20C","C",6,"unburned","Orthoptera","Acrididae","Orthoptera_Acrididae","Adult","collected",1
2024,8,"20C","C",6,"unburned","Hymenoptera","Formicidae","Hymenoptera_Formicidae","Adult","collected",4
2024,8,"20C","C",6,"unburned","Coleoptera","Chrysomelidae","Coleoptera_Chrysomelidae","Adult","collected",2
2024,8,"20C","C",6,"unburned","Hemiptera","Cicadellidae","Hemiptera_Cicadellidae","Nymph","collected",2
2024,8,"20C","C",6,"unburned","Hemiptera","Cicadellidae","Hemiptera_Cicadellidae","Adult","collected",1
2024,8,"20C","C",6,"unburned","Hemiptera","Aphididae","Hemiptera_Aphididae","Adult","collected",2
2024,8,"20C","C",6,"unburned","Araneae","Thomisidae","Araneae_Thomisidae","Adult","collected",1
2024,8,"20C","C",6,"unburned","Diptera","Diastatidae","Diptera_Diastatidae","Adult","collected",1
2024,8,"20C","C",1,"unburned","Orthoptera","Acrididae","Orthoptera_Acrididae","Adult","observed",3
2024,8,"20C","C",1,"unburned","Hemiptera","Reduviidae","Hemiptera_Reduviidae","Nymph","collected",3
2024,8,"20C","C",1,"unburned","Hemiptera","Cicadellidae","Hemiptera_Cicadellidae","Nymph","collected",7
2024,8,"20C","C",1,"unburned","Hemiptera","Cicadellidae","Hemiptera_Cicadellidae","Adult","collected",1
2024,8,"20C","C",1,"unburned","Hemiptera","Aphididae","Hemiptera_Aphididae","Adult","collected",1
2024,8,"20C","C",1,"unburned","Araneae","Salticidae","Araneae_Salticidae","Adult","collected",1
2024,8,"20C","C",1,"unburned","Coleoptera","Curculionidae","Coleoptera_Curculionidae","Adult","collected",1
2024,8,"20C","C",1,"unburned","Hemiptera","Rhopalidae","Hemiptera_Rhopalidae","Adult","collected",2
2024,8,"20C","C",1,"unburned","Hymenoptera","Braconidae","Hymenoptera_Braconidae","Nymph","collected",1
2024,8,"20C","C",1,"unburned","Hemiptera","Cicadellidae","Hemiptera_Cicadellidae","Adult","collected",1
2024,8,"20C","C",1,"unburned","Hymenoptera","Platygastridae","Hymenoptera_Platygastridae","Adult","collected",1
2024,8,"20C","C",1,"unburned","Diptera","Dolichopodidae","Diptera_Dolichopodidae","Adult","collected",1
2024,8,"20C","C",1,"unburned","Araneae","Theridiidae","Araneae_Theridiidae","Adult","collected",1
2024,8,"20C","C",1,"unburned","Diptera","Stratiomyidae","Diptera_Stratiomyidae","Adult","collected",1
2024,8,"20B","F",2,"unburned","Orthoptera","Acrididae","Orthoptera_Acrididae","Adult","observed",1
2024,8,"20B","F",2,"unburned","Hymenoptera","Formicidae","Hymenoptera_Formicidae","Adult","collected",2
2024,8,"20B","F",2,"unburned","Hemiptera","Cicadellidae","Hemiptera_Cicadellidae","Adult","collected",7
2024,8,"20B","F",2,"unburned","Hymenoptera","Platygastridae","Hymenoptera_Platygastridae","Adult","collected",2
2024,8,"20B","F",2,"unburned","Hymenoptera","Braconidae","Hymenoptera_Braconidae","Adult","collected",1
2024,8,"20B","F",2,"unburned","Coleoptera","Curculionidae","Coleoptera_Curculionidae","Adult","collected",1
2024,8,"20B","F",2,"unburned","Hemiptera","Aphididae","Hemiptera_Aphididae","Adult","collected",3
2024,8,"20B","F",2,"unburned","Araneae","Thomisidae","Araneae_Thomisidae","Adult","collected",1
2024,8,"20B","F",2,"unburned","Lepidoptera","Unknown","Lepidoptera_Unknown","Nymph","collected",1
2024,8,"1D","C",2,"annual","Orthoptera","Acrididae","Orthoptera_Acrididae","Adult","observed",1
2024,8,"1D","C",2,"annual","Hemiptera","Cixiidae","Hemiptera_Cixiidae","Adult","collected",1
2024,8,"1D","C",2,"annual","Orthoptera","Acrididae","Orthoptera_Acrididae","Nymph","collected",1
2024,8,"1D","C",2,"annual","Araneae","Thomisidae","Araneae_Thomisidae","Adult","collected",1
2024,8,"1D","C",2,"annual","Hemiptera","Cicadellidae","Hemiptera_Cicadellidae","Adult","collected",3
2024,8,"1D","C",2,"annual","Hemiptera","Aphididae","Hemiptera_Aphididae","Adult","collected",1
2024,8,"1D","C",2,"annual","Hymenoptera","Blissidae","Hymenoptera_Blissidae","Adult","collected",2
2024,8,"1D","C",2,"annual","Hymenoptera","Formicidae","Hymenoptera_Formicidae","Adult","collected",1
2024,8,"1D","C",2,"annual","Diptera","Asilidae","Diptera_Asilidae","Adult","collected",1
2024,8,"20B","E",4,"unburned","Orthoptera","Acrididae","Orthoptera_Acrididae","Adult","observed",4
2024,8,"20B","E",4,"unburned","Thysanoptera","Thripidae","Thysanoptera_Thripidae","Adult","collected",1
2024,8,"20B","E",4,"unburned","Hemiptera","Cicadellidae","Hemiptera_Cicadellidae","Adult","collected",3
2024,8,"20B","E",4,"unburned","Hymenoptera","Platygastridae","Hymenoptera_Platygastridae","Adult","collected",1
2024,8,"20B","E",4,"unburned","Coleoptera","Curculionidae","Coleoptera_Curculionidae","Adult","collected",2
2024,8,"20B","E",4,"unburned","Hymenoptera","Formicidae","Hymenoptera_Formicidae","Adult","collected",2
2024,8,"20B","E",4,"unburned","Hemiptera","Aphididae","Hemiptera_Aphididae","Adult","collected",1
2024,8,"20B","E",4,"unburned","Hemiptera","Membracidae","Hemiptera_Membracidae","Nymph","collected",1
2024,8,"20B","E",4,"unburned","Diptera","Asilidae","Diptera_Asilidae","Adult","collected",2
2024,8,"20B","E",4,"unburned","Coleoptera","Chrysomelidae","Coleoptera_Chrysomelidae","Adult","collected",2
2024,8,"20B","E",4,"unburned","Hemiptera","Caliscelidae","Hemiptera_Caliscelidae","Adult","collected",2
2024,8,"20B","E",4,"unburned","Hymenoptera","Braconidae","Hymenoptera_Braconidae","Adult","collected",1
2024,8,"20B","E",4,"unburned","Lepidoptera","Crambidae","Lepidoptera_Crambidae","Adult","collected",1
2024,8,"1D","C",1,"annual","Orthoptera","Acrididae","Orthoptera_Acrididae","Adult","observed",4
2024,8,"1D","C",1,"annual","Hemiptera","Dictyopharidae","Hemiptera_Dictyopharidae","Adult","collected",1
2024,8,"1D","C",1,"annual","Araneae","Salticidae","Araneae_Salticidae","Adult","collected",1
2024,8,"1D","C",1,"annual","Hymenoptera","Blissidae","Hymenoptera_Blissidae","Adult","collected",1
2024,8,"1D","C",1,"annual","Hymenoptera","Formicidae","Hymenoptera_Formicidae","Adult","collected",2
2024,8,"1D","C",1,"annual","Hemiptera","Aphididae","Hemiptera_Aphididae","Adult","collected",1
2024,8,"1D","C",1,"annual","Hemiptera","Membracidae","Hemiptera_Membracidae","Nymph","collected",2
2024,8,"1D","C",1,"annual","Coleoptera","Curculionidae","Coleoptera_Curculionidae","Adult","collected",1
2024,8,"1D","C",1,"annual","Hemiptera","Cicadellidae","Hemiptera_Cicadellidae","Adult","collected",1
2024,8,"1D","C",1,"annual","Hemiptera","Cicadellidae","Hemiptera_Cicadellidae","Nymph","collected",3
2024,8,"1D","C",1,"annual","Coleoptera","Chrysomelidae","Coleoptera_Chrysomelidae","Adult","collected",3
2024,8,"1D","C",1,"annual","Hymenoptera","Ichneumonidae","Hymenoptera_Ichneumonidae","Adult","collected",1
2024,8,"1D","C",3,"annual","Hemiptera","Cicadellidae","Hemiptera_Cicadellidae","Adult","collected",2
2024,8,"1D","C",3,"annual","Hymenoptera","Formicidae","Hymenoptera_Formicidae","Adult","collected",5
2024,8,"1D","C",3,"annual","Araneae","Thomisidae","Araneae_Thomisidae","Adult","collected",1
2024,8,"1D","C",3,"annual","Hymenoptera","Ichneumonidae","Hymenoptera_Ichneumonidae","Adult","collected",2
2024,8,"20C","A",4,"unburned","Hymenoptera","Formicidae","Hymenoptera_Formicidae","Adult","collected",7
2024,8,"20C","A",4,"unburned","Hemiptera","Cicadellidae","Hemiptera_Cicadellidae","Adult","collected",3
2024,8,"20C","A",4,"unburned","Hemiptera","Dictyopharidae","Hemiptera_Dictyopharidae","Adult","collected",1
2024,8,"20C","A",4,"unburned","Coleoptera","Chrysomelidae","Coleoptera_Chrysomelidae","Adult","collected",1
2024,8,"20C","A",4,"unburned","Hemiptera","Membracidae","Hemiptera_Membracidae","Nymph","collected",1
2024,8,"20C","A",4,"unburned","Araneae","Linyphiidae","Araneae_Linyphiidae","Adult","collected",1
2024,8,"20C","A",4,"unburned","Hymenoptera","Chalcidoidea","Hymenoptera_Chalcidoidea","Adult","collected",1
2024,8,"20C","A",4,"unburned","Hymenoptera","Platygastridae","Hymenoptera_Platygastridae","Adult","collected",1
2024,8,"20C","A",4,"unburned","Orthoptera","Acrididae","Orthoptera_Acrididae","Adult","observed",1
2024,8,"1D","B",1,"annual","Orthoptera","Acrididae","Orthoptera_Acrididae","Adult","observed",5
2024,8,"1D","B",1,"annual","Thysanoptera","Aeolothripidae","Thysanoptera_Aeolothripidae","Adult","collected",7
2024,8,"1D","B",1,"annual","Thysanoptera","Thripidae","Thysanoptera_Thripidae","Adult","collected",2
2024,8,"1D","B",1,"annual","Hemiptera","Blissidae","Hemiptera_Blissidae","Adult","collected",2
2024,8,"1D","B",1,"annual","Hemiptera","Cicadellidae","Hemiptera_Cicadellidae","Adult","collected",3
2024,8,"1D","B",1,"annual","Hemiptera","Reduviidae","Hemiptera_Reduviidae","Nymph","collected",1
2024,8,"1D","B",1,"annual","Hymenoptera","Formicidae","Hymenoptera_Formicidae","Adult","collected",5
2024,8,"1D","B",1,"annual","Hemiptera","Aphididae","Hemiptera_Aphididae","Adult","collected",3
2024,8,"1D","B",1,"annual","Coleoptera","Curculionidae","Coleoptera_Curculionidae","Adult","collected",1
2024,8,"1D","B",1,"annual","Hemiptera","Membracidae","Hemiptera_Membracidae","Nymph","collected",1
2024,8,"1D","B",1,"annual","Hymenoptera","Braconidae","Hymenoptera_Braconidae","Adult","collected",1
2024,8,"1D","B",1,"annual","Diptera","Tephritidae","Diptera_Tephritidae","Adult","collected",1
2024,8,"1D","B",1,"annual","Phasmatodea","Diapheromeridae","Phasmatodea_Diapheromeridae","Adult","collected",1
2024,8,"1D","A",4,"annual","Orthoptera","Acrididae","Orthoptera_Acrididae","Adult","observed",3
2024,8,"1D","A",4,"annual","Orthoptera","Acrididae","Orthoptera_Acrididae","Adult","collected",2
2024,8,"1D","A",4,"annual","Hemiptera","Acanaloniidae","Hemiptera_Acanaloniidae","Adult","collected",2
2024,8,"1D","A",4,"annual","Hymenoptera","Encrytidae","Hymenoptera_Encrytidae","Adult","collected",1
2024,8,"1D","A",4,"annual","Hemiptera","Blissidae","Hemiptera_Blissidae","Adult","collected",1
2024,8,"1D","A",4,"annual","Coleoptera","Curculionidae","Coleoptera_Curculionidae","Adult","collected",2
2024,8,"1D","A",4,"annual","Hemiptera","Cicadellidae","Hemiptera_Cicadellidae","Adult","collected",3
2024,8,"1D","A",4,"annual","Hemiptera","Cixiidae","Hemiptera_Cixiidae","Adult","collected",1
2024,8,"1D","A",4,"annual","Hemiptera","Nabidae","Hemiptera_Nabidae","Adult","collected",1
2024,8,"1D","A",4,"annual","Hemiptera","Alydidae","Hemiptera_Alydidae","Adult","collected",1
2024,8,"1D","A",4,"annual","Diptera","Asilidae","Diptera_Asilidae","Adult","collected",1
2024,8,"1D","A",4,"annual","Hymenoptera","Platygastridae","Hymenoptera_Platygastridae","Adult","collected",1
2024,8,"1D","A",4,"annual","Diptera","Chloropidae","Diptera_Chloropidae","Adult","collected",1
2024,8,"20C","B",2,"unburned","Orthoptera","Acrididae","Orthoptera_Acrididae","Adult","observed",3
2024,8,"20C","B",2,"unburned","Hemiptera","Dictyopharidae","Hemiptera_Dictyopharidae","Adult","collected",1
2024,8,"20C","B",2,"unburned","Hemiptera","Cicadellidae","Hemiptera_Cicadellidae","Adult","collected",2
2024,8,"20C","B",2,"unburned","Coleoptera","Chrysomelidae","Coleoptera_Chrysomelidae","Adult","collected",1
2024,8,"20C","B",2,"unburned","Hymenoptera","Formicidae","Hymenoptera_Formicidae","Adult","collected",3
2024,8,"20C","B",2,"unburned","Hymenoptera","Platygastridae","Hymenoptera_Platygastridae","Adult","collected",1
2024,8,"20C","B",2,"unburned","Hymenoptera","Braconidae","Hymenoptera_Braconidae","Adult","collected",1
2024,8,"20C","B",2,"unburned","Araneae","Salticidae","Araneae_Salticidae","Adult","collected",1
2024,8,"20C","B",2,"unburned","Hemiptera","Aphididae","Hemiptera_Aphididae","Adult","collected",1
2024,8,"20C","B",2,"unburned","Orthoptera","Gryllidae","Orthoptera_Gryllidae","Adult","collected",1
2024,8,"20C","B",2,"unburned","Orthoptera","Gryllidae","Orthoptera_Gryllidae","Nymph","collected",1
2024,8,"20C","B",2,"unburned","Diptera","Muscidae","Diptera_Muscidae","Adult","collected",1
2024,8,"20C","A",1,"unburned","Orthoptera","Acrididae","Orthoptera_Acrididae","Adult","observed",1
2024,8,"20C","A",1,"unburned","Orthoptera","Acrididae","Orthoptera_Acrididae","Adult","collected",1
2024,8,"20C","A",1,"unburned","Hemiptera","Reduviidae","Hemiptera_Reduviidae","Nymph","collected",1
2024,8,"20C","A",1,"unburned","Coleoptera","Chrysomelidae","Coleoptera_Chrysomelidae","Adult","collected",2
2024,8,"20C","A",1,"unburned","Coleoptera","Curculionidae","Coleoptera_Curculionidae","Adult","collected",1
2024,8,"20C","A",1,"unburned","Hemiptera","Cicadellidae","Hemiptera_Cicadellidae","Nymph","collected",4
2024,8,"20C","A",1,"unburned","Hemiptera","Cicadellidae","Hemiptera_Cicadellidae","Adult","collected",2
2024,8,"20C","A",1,"unburned","Hymenoptera","Formicidae","Hymenoptera_Formicidae","Adult","collected",1
2024,8,"20C","A",1,"unburned","Hemiptera","Cercopidae","Hemiptera_Cercopidae","Adult","collected",1
2024,8,"20C","A",1,"unburned","Hemiptera","Pentatomidae","Hemiptera_Pentatomidae","Adult","collected",1
2024,8,"20C","B",1,"unburned","Orthoptera","Acrididae","Orthoptera_Acrididae","Adult","observed",1
2024,8,"20C","B",1,"unburned","Hymenoptera","Formicidae","Hymenoptera_Formicidae","Adult","collected",4
2024,8,"20C","B",1,"unburned","Hemiptera","Cicadellidae","Hemiptera_Cicadellidae","Adult","collected",2
2024,8,"20C","B",1,"unburned","Coleoptera","Curculionidae","Coleoptera_Curculionidae","Adult","collected",1
2024,8,"20C","B",1,"unburned","Hemiptera","Dictyopharidae","Hemiptera_Dictyopharidae","Adult","collected",1
2024,8,"20C","B",1,"unburned","Hemiptera","Membracidae","Hemiptera_Membracidae","Nymph","collected",2
2024,8,"20C","B",1,"unburned","Araneae","Salticidae","Araneae_Salticidae","Adult","collected",1
2024,8,"20C","B",1,"unburned","Coleoptera","Chrysomelidae","Coleoptera_Chrysomelidae","Adult","collected",1
2024,8,"20C","B",1,"unburned","Hymenoptera","Crabronidae","Hymenoptera_Crabronidae","Adult","collected",1
2024,8,"20C","B",1,"unburned","Hymenoptera","Braconidae","Hymenoptera_Braconidae","Adult","collected",1
2024,8,"20C","B",1,"unburned","Diptera","Culicidae","Diptera_Culicidae","Adult","collected",1
2024,8,"20C","B",1,"unburned","Hemiptera","Aphididae","Hemiptera_Aphididae","Adult","collected",2
2024,8,"20C","A",5,"unburned","Orthoptera","Acrididae","Orthoptera_Acrididae","Adult","observed",2
2024,8,"20C","A",5,"unburned","Thysanoptera","Thripidae","Thysanoptera_Thripidae","Adult","collected",1
2024,8,"20C","A",5,"unburned","Orthoptera","Gryllidae","Orthoptera_Gryllidae","Adult","collected",1
2024,8,"20C","A",5,"unburned","Coleoptera","Chrysomelidae","Coleoptera_Chrysomelidae","Adult","collected",2
2024,8,"20C","A",5,"unburned","Coleoptera","Curculionidae","Coleoptera_Curculionidae","Adult","collected",1
2024,8,"20C","A",5,"unburned","Hemiptera","Reduviidae","Hemiptera_Reduviidae","Nymph","collected",1
2024,8,"20C","A",5,"unburned","Coleoptera","Elateridae","Coleoptera_Elateridae","Adult","collected",1
2024,8,"20C","A",5,"unburned","Hemiptera","Cicadellidae","Hemiptera_Cicadellidae","Adult","collected",2
2024,8,"20C","A",5,"unburned","Hemiptera","Membracidae","Hemiptera_Membracidae","Adult","collected",1
2024,8,"20C","A",5,"unburned","Hymenoptera","Formicidae","Hymenoptera_Formicidae","Adult","collected",3
2024,8,"20C","A",5,"unburned","Hemiptera","Aphididae","Hemiptera_Aphididae","Adult","collected",1
2024,8,"1D","A",5,"annual","Orthoptera","Acrididae","Orthoptera_Acrididae","Adult","observed",1
2024,8,"1D","A",5,"annual","Hemiptera","Dictyopharidae","Hemiptera_Dictyopharidae","Adult","collected",1
2024,8,"1D","A",5,"annual","Araneae","Salticidae","Araneae_Salticidae","Adult","collected",1
2024,8,"1D","A",5,"annual","Hemiptera","Blissidae","Hemiptera_Blissidae","Adult","collected",1
2024,8,"1D","A",5,"annual","Coleoptera","Chrysomelidae","Coleoptera_Chrysomelidae","Adult","collected",1
2024,8,"1D","A",5,"annual","Hemiptera","Cicadellidae","Hemiptera_Cicadellidae","Nymph","collected",5
2024,8,"1D","A",5,"annual","Hemiptera","Cicadellidae","Hemiptera_Cicadellidae","Adult","collected",6
2024,8,"1D","A",5,"annual","Hymenoptera","Formicidae","Hymenoptera_Formicidae","Adult","collected",1
2024,8,"1D","A",5,"annual","Hymenoptera","Braconidae","Hymenoptera_Braconidae","Adult","collected",1
2024,8,"1D","A",5,"annual","Hymenoptera","Platygastridae","Hymenoptera_Platygastridae","Adult","collected",2
2024,8,"1D","A",5,"annual","Araneae","Thomisidae","Araneae_Thomisidae","Nymph","collected",1
2024,8,"1D","A",5,"annual","Hymenoptera","Ichneumonidae","Hymenoptera_Ichneumonidae","Adult","collected",1
2024,8,"1D","A",5,"annual","Hemiptera","Miridae","Hemiptera_Miridae","Adult","collected",1
2024,8,"1D","A",5,"annual","Coleoptera","Curculionidae","Coleoptera_Curculionidae","Adult","collected",1
2024,8,"1D","B",2,"annual","Orthoptera","Acrididae","Orthoptera_Acrididae","Adult","observed",2
2024,8,"1D","B",2,"annual","Orthoptera","Acrididae","Orthoptera_Acrididae","Adult","collected",1
2024,8,"1D","B",2,"annual","Coleoptera","Chrysomelidae","Coleoptera_Chrysomelidae","Adult","collected",1
2024,8,"1D","B",2,"annual","Coleoptera","Curculionidae","Coleoptera_Curculionidae","Adult","collected",2
2024,8,"1D","B",2,"annual","Hemiptera","Cicadellidae","Hemiptera_Cicadellidae","Adult","collected",5
2024,8,"1D","B",2,"annual","Hemiptera","Cicadellidae","Hemiptera_Cicadellidae","Nymph","collected",1
2024,8,"1D","B",2,"annual","Hymenoptera","Ichneumonidae","Hymenoptera_Ichneumonidae","Adult","collected",1
2024,8,"1D","B",2,"annual","Hemiptera","Cercopidae","Hemiptera_Cercopidae","Adult","collected",1
2024,8,"1D","B",2,"annual","Hemiptera","Cercopidae","Hemiptera_Cercopidae","Nymph","collected",1
2024,8,"1D","B",2,"annual","Hemiptera","Tingidae","Hemiptera_Tingidae","Adult","collected",5
2024,8,"1D","B",2,"annual","Hymenoptera","Braconidae","Hymenoptera_Braconidae","Adult","collected",1
2024,8,"1D","B",2,"annual","Coleoptera","Staphylinidae","Coleoptera_Staphylinidae","Adult","collected",1
2024,8,"1D","B",2,"annual","Lepidoptera","Crambidae","Lepidoptera_Crambidae","Adult","collected",1
2024,8,"1D","C",6,"annual","Hymenoptera","Formicidae","Hymenoptera_Formicidae","Adult","collected",1
2024,8,"1D","C",6,"annual","Hemiptera","Cicadellidae","Hemiptera_Cicadellidae","Adult","collected",4
2024,8,"1D","C",6,"annual","Coleoptera","Curculionidae","Coleoptera_Curculionidae","Adult","collected",2
2024,8,"1D","C",6,"annual","Hemiptera","Membracidae","Hemiptera_Membracidae","Nymph","collected",1
2024,8,"1D","C",6,"annual","Hemiptera","Dictyopharidae","Hemiptera_Dictyopharidae","Adult","collected",1
2024,8,"1D","C",6,"annual","Hemiptera","Miridae","Hemiptera_Miridae","Adult","collected",1
2024,8,"1D","C",6,"annual","Araneae","Salticidae","Araneae_Salticidae","Adult","collected",1
2024,8,"1D","C",6,"annual","Coleoptera","Latridiidae","Coleoptera_Latridiidae","Adult","collected",2
2024,8,"1D","C",6,"annual","Hymenoptera","Chalcididae","Hymenoptera_Chalcididae","Adult","collected",3
2024,8,"1D","C",6,"annual","Hymenoptera","Platygastridae","Hymenoptera_Platygastridae","Adult","collected",1
2024,8,"1D","A",2,"annual","Orthoptera","Acrididae","Orthoptera_Acrididae","Adult","observed",2
2024,8,"1D","A",2,"annual","Hemiptera","Membracidae","Hemiptera_Membracidae","Nymph","collected",1
2024,8,"1D","A",2,"annual","Araneae","Salticidae","Araneae_Salticidae","Adult","collected",1
2024,8,"1D","A",2,"annual","Hemiptera","Cicadellidae","Hemiptera_Cicadellidae","Adult","collected",5
2024,8,"1D","A",2,"annual","Hymenoptera","Formicidae","Hymenoptera_Formicidae","Adult","collected",2
2024,8,"1D","A",2,"annual","Hemiptera","Blissidae","Hemiptera_Blissidae","Adult","collected",1
2024,8,"1D","A",2,"annual","Lepidoptera","Crambidae","Lepidoptera_Crambidae","Adult","collected",1
2024,8,"1D","A",2,"annual","orthoptera","Gryllidae","Orthoptera_Gryllidae","Adult","collected",1
2024,8,"1D","A",2,"annual","Thysanoptera","Aeolothripidae","Thysanoptera_Aelothripidae","Adult","collected",3
2024,8,"1D","A",2,"annual","Hemiptera","Delphacidae","Hemiptera_Delphacidae","Adult","collected",1
2024,8,"1D","A",2,"annual","Hemiptera","Caliscelidae","Hemiptera_Caliscelidae","Adult","collected",1
2024,8,"1D","A",2,"annual","Diptera","Asilidae","Diptera_Asilidae","Adult","collected",1
2024,8,"1D","A",2,"annual","Diptera","Sepsidae","Diptera_Sepsidae","Adult","collected",1
2024,8,"1D","A",2,"annual","Diptera","Tipulidae","Diptera_Tipulidae","Adult","collected",1
2024,8,"1D","A",2,"annual","Hymenoptera","Encrytidae","Hymenoptera_Encrytidae","Adult","collected",1
2024,8,"1D","B",6,"annual","Orthoptera","Acrididae","Orthoptera_Acrididae","Adult","observed",3
2024,8,"1D","B",6,"annual","Hymenoptera","Formicidae","Hymenoptera_Formicidae","Adult","collected",5
2024,8,"1D","B",6,"annual","Coleoptera","Chrysomelidae","Coleoptera_Chrysomelidae","Adult","collected",1
2024,8,"1D","B",6,"annual","Hemiptera","Cicadellidae","Hemiptera_Cicadellidae","Adult","collected",3
2024,8,"1D","B",6,"annual","Hemiptera","Cicadellidae","Hemiptera_Cicadellidae","Nymph","collected",1
2024,8,"1D","B",6,"annual","Araneae","Thomisidae","Araneae_Thomisidae","Adult","collected",1
2024,8,"1D","B",6,"annual","Araneae","Salticidae","Araneae_Salticidae","Adult","collected",1
2024,8,"1D","B",6,"annual","Hymenoptera","Braconidae","Hymenoptera_Braconidae","Adult","collected",1
2024,8,"1D","B",6,"annual","Diptera","Sepsidae","Diptera_Sepsidae","Adult","collected",1
2024,8,"1D","B",6,"annual","Hemiptera","Aphididae","Hemiptera_Aphididae","Adult","collected",1
2024,8,"1D","A",3,"annual","Orthoptera","Acrididae","Orthoptera_Acrididae","Adult","observed",1
2024,8,"1D","A",3,"annual","Orthoptera","Acrididae","Orthoptera_Acrididae","Adult","collected",1
2024,8,"1D","A",3,"annual","Hemiptera","Dictyopharidae","Hemiptera_Dictyopharidae","Adult","collected",2
2024,8,"1D","A",3,"annual","Hemiptera","Blissidae","Hemiptera_Blissidae","Adult","collected",1
2024,8,"1D","A",3,"annual","Hemiptera","Cicadellidae","Hemiptera_Cicadellidae","Adult","collected",3
2024,8,"1D","A",3,"annual","Hemiptera","Cicadellidae","Hemiptera_Cicadellidae","Nymph","collected",3
2024,8,"1D","A",3,"annual","Hymenoptera","Formicidae","Hymenoptera_Formicidae","Adult","collected",1
2024,8,"1D","A",3,"annual","Araneae","Salticidae","Araneae_Salticidae","Adult","collected",1
2024,8,"1D","A",3,"annual","Hymenoptera","Platygastridae","Hymenoptera_Platygastridae","Adult","collected",1
2024,8,"1D","A",3,"annual","Lepidoptera","Tingidae","Lepidoptera_Tingidae","Adult","collected",1
2024,8,"1D","A",3,"annual","Hymenoptera","Chalcididae","Hymenoptera_Chalcididae","Adult","collected",1
2024,8,"1D","A",3,"annual","Hemiptera","Membracidae","Hemiptera_Membracidae","Nymph","collected",1
2024,8,"1D","A",6,"annual","Hemiptera","Reduviidae","Hemiptera_Reduviidae","Adult","collected",1
2024,8,"1D","A",6,"annual","Hemiptera","Reduviidae","Hemiptera_Reduviidae","Nymph","collected",1
2024,8,"1D","A",6,"annual","Hymenoptera","Formicidae","Hymenoptera_Formicidae","Adult","collected",4
2024,8,"1D","A",6,"annual","Hemiptera","Cicadellidae","Hemiptera_Cicadellidae","Adult","collected",1
2024,8,"1D","A",6,"annual","Hemiptera","Blissidae","Hemiptera_Blissidae","Adult","collected",1
2024,8,"1D","A",6,"annual","Araneae","Thomisidae","Araneae_Thomisidae","Adult","collected",1
2024,8,"1D","A",6,"annual","Coleoptera","Chrysomelidae","Coleoptera_Chrysomelidae","Nymph","collected",1
2024,8,"1D","A",6,"annual","Hemiptera","Cicadellidae","Hemiptera_Cicadellidae","Nymph","collected",3
2024,8,"1D","A",6,"annual","Hymenoptera","Braconidae","Hymenoptera_Braconidae","Adult","collected",1
2024,8,"1D","A",6,"annual","Araneae","Salticidae","Araneae_Salticidae","Adult","collected",1
2024,8,"1D","A",6,"annual","Diptera","Phoridae","Diptera_Phoridae","Adult","collected",1
2024,8,"1D","A",6,"annual","Coleoptera","Curculionidae","Coleoptera_Curculionidae","Adult","collected",1
2024,8,"1D","B",5,"annual","Orthoptera","Acrididae","Orthoptera_Acrididae","Adult","observed",2
2024,8,"1D","B",5,"annual","Hemiptera","Membracidae","Hemiptera_Membracidae","Nymph","collected",2
2024,8,"1D","B",5,"annual","Coleoptera","Chrysomelidae","Coleoptera_Chrysomelidae","Nymph","collected",1
2024,8,"1D","B",5,"annual","Hemiptera","Dictyopharidae","Hemiptera_Dictyopharidae","Adult","collected",3
2024,8,"1D","B",5,"annual","Hemiptera","Cicadellidae","Hemiptera_Cicadellidae","Nymph","collected",1
2024,8,"1D","B",5,"annual","Hemiptera","Cicadellidae","Hemiptera_Cicadellidae","Adult","collected",3
2024,8,"1D","B",3,"annual","Orthoptera","Acrididae","Orthoptera_Acrididae","Adult","observed",2
2024,8,"1D","B",3,"annual","Orthoptera","Acrididae","Orthoptera_Acrididae","Nymph","collected",2
2024,8,"1D","B",3,"annual","Hemiptera","Dictyopharidae","Hemiptera_Dictyopharidae","Adult","collected",2
2024,8,"1D","B",3,"annual","Coleoptera","Chrysomelidae","Coleoptera_Chrysomelidae","Adult","collected",1
2024,8,"1D","B",3,"annual","Coleoptera","Curculionidae","Coleoptera_Curculionidae","Adult","collected",3
2024,8,"1D","B",3,"annual","Hymenoptera","Formicidae","Hymenoptera_Formicidae","Adult","collected",1
2024,8,"1D","B",3,"annual","Araneae","Thomisidae","Araneae_Thomisidae","Adult","collected",2
2024,8,"1D","B",3,"annual","Hemiptera","Reduviidae","Hemiptera_Reduviidae","Nymph","collected",1
2024,8,"1D","B",3,"annual","Hemiptera","Cicadellidae","Hemiptera_Cicadellidae","Nymph","collected",2
2024,8,"1D","B",4,"annual","Orthoptera","Acrididae","Orthoptera_Acrididae","Adult","observed",4
2024,8,"1D","B",4,"annual","Orthoptera","Acrididae","Orthoptera_Acrididae","Nymph","collected",1
2024,8,"1D","B",4,"annual","Coleoptera","Chrysomelidae","Coleoptera_Chrysomelidae","Adult","collected",1
2024,8,"1D","B",4,"annual","Coleoptera","Curculionidae","Coleoptera_Curculionidae","Adult","collected",1
2024,8,"1D","B",4,"annual","Araneae","Salticidae","Araneae_Salticidae","Adult","collected",1
2024,8,"1D","B",4,"annual","Hemiptera","Reduviidae","Hemiptera_Reduviidae","Nymph","collected",1
2024,8,"1D","B",4,"annual","Hemiptera","Membracidae","Hemiptera_Membracidae","Nymph","collected",1
2024,8,"1D","B",4,"annual","Hemiptera","Blissidae","Hemiptera_Blissidae","Adult","collected",1
2024,8,"1D","B",4,"annual","Hemiptera","Cicadellidae","Hemiptera_Cicadellidae","Adult","collected",4
2024,8,"1D","B",4,"annual","Hemiptera","Dictyopharidae","Hemiptera_Dictyopharidae","Adult","collected",1
2024,8,"1D","B",4,"annual","Hymenoptera","Platygastridae","Hymenoptera_Platygastridae","Adult","collected",3
2024,8,"1D","B",4,"annual","Hymenoptera","Encrytidae","Hymenoptera_Encrytidae","Adult","collected",1
2024,8,"1D","B",4,"annual","Hemiptera","Aphididae","Hemiptera_Aphididae","Adult","collected",3
2024,8,"1D","A",1,"annual","Orthoptera","Acrididae","Orthoptera_Acrididae","Adult","observed",3
2024,8,"1D","A",1,"annual","Orthoptera","Acrididae","Orthoptera_Acrididae","Adult","collected",2
2024,8,"1D","A",1,"annual","Hymenoptera","Formicidae","Hymenoptera_Formicidae","Adult","collected",3
2024,8,"1D","A",1,"annual","Hemiptera","Cicadellidae","Hemiptera_Cicadellidae","Adult","collected",4
2024,8,"1D","A",1,"annual","Coleoptera","Chrysomelidae","Coleoptera_Chrysomelidae","Adult","collected",1
2024,8,"1D","A",1,"annual","Araneae","Linyphiidae","Araneae_Linyphiidae","Adult","collected",1
2024,8,"1D","A",1,"annual","Hemiptera","Delphacidae","Hemiptera_Delphacidae","Adult","collected",1
2024,8,"1D","A",1,"annual","Hemiptera","Dictyopharidae","Hemiptera_Dictyopharidae","Adult","collected",2
2024,8,"1D","A",1,"annual","Hemiptera","Nabidae","Hemiptera_Nabidae","Adult","collected",1
2024,8,"1D","A",1,"annual","Hemiptera","Delphacidae","Hemiptera_Delphacidae","Nymph","collected",1
2024,8,"1D","A",1,"annual","Hymenoptera","Platygastridae","Hymenoptera_Platygastridae","Adult","collected",1
2024,8,"1D","A",1,"annual","Hymenoptera","Eurytomidae","Hymenoptera_Eurytomide","Adult","collected",1
2024,8,"1D","A",1,"annual","Hemiptera","Fulgoridae","Hemiptera_Fulgoridae","Adult","collected",1
